[
  {
    "firstName": "Saundra",
    "lastName": "Spencer",
    "birthdate": "1962-09-15"
  },
  {
    "firstName": "Stokes",
    "lastName": "Merrill",
    "birthdate": "1954-02-24"
  },
  {
    "firstName": "Mariana",
    "lastName": "Lamb",
    "birthdate": "1963-01-20"
  },
  {
    "firstName": "Mccall",
    "lastName": "Allison",
    "birthdate": "1980-02-11"
  },
  {
    "firstName": "Puckett",
    "lastName": "Sullivan",
    "birthdate": "2018-08-05"
  },
  {
    "firstName": "Knowles",
    "lastName": "Holloway",
    "birthdate": "1992-05-26"
  },
  {
    "firstName": "Michael",
    "lastName": "Morton",
    "birthdate": "1975-11-13"
  },
  {
    "firstName": "Holmes",
    "lastName": "Mejia",
    "birthdate": "2013-04-07"
  },
  {
    "firstName": "Tiffany",
    "lastName": "Glenn",
    "birthdate": "2001-08-15"
  },
  {
    "firstName": "Trujillo",
    "lastName": "Underwood",
    "birthdate": "2012-10-24"
  },
  {
    "firstName": "Sexton",
    "lastName": "Strong",
    "birthdate": "2010-12-16"
  },
  {
    "firstName": "Clara",
    "lastName": "Obrien",
    "birthdate": "2004-03-12"
  },
  {
    "firstName": "Tania",
    "lastName": "Lloyd",
    "birthdate": "1988-07-20"
  },
  {
    "firstName": "Ferrell",
    "lastName": "Hartman",
    "birthdate": "2007-01-06"
  },
  {
    "firstName": "Hansen",
    "lastName": "Fisher",
    "birthdate": "2020-05-02"
  },
  {
    "firstName": "Dejesus",
    "lastName": "Cash",
    "birthdate": "2017-12-30"
  },
  {
    "firstName": "Lindsay",
    "lastName": "Vazquez",
    "birthdate": "1996-02-22"
  },
  {
    "firstName": "Bond",
    "lastName": "Humphrey",
    "birthdate": "1973-08-09"
  },
  {
    "firstName": "Sherrie",
    "lastName": "Camacho",
    "birthdate": "1987-11-16"
  },
  {
    "firstName": "Angelita",
    "lastName": "Becker",
    "birthdate": "2004-03-17"
  },
  {
    "firstName": "Ortiz",
    "lastName": "Ochoa",
    "birthdate": "2022-10-14"
  },
  {
    "firstName": "Massey",
    "lastName": "Mathews",
    "birthdate": "2004-11-03"
  },
  {
    "firstName": "Burris",
    "lastName": "Williams",
    "birthdate": "1955-08-29"
  },
  {
    "firstName": "Moses",
    "lastName": "Donaldson",
    "birthdate": "1995-10-22"
  },
  {
    "firstName": "Roberta",
    "lastName": "Guerrero",
    "birthdate": "1958-03-15"
  },
  {
    "firstName": "Francisca",
    "lastName": "Glass",
    "birthdate": "1956-09-04"
  },
  {
    "firstName": "Kris",
    "lastName": "Whitley",
    "birthdate": "2001-07-12"
  },
  {
    "firstName": "Herring",
    "lastName": "Santos",
    "birthdate": "1958-07-22"
  },
  {
    "firstName": "Barrera",
    "lastName": "Brown",
    "birthdate": "1973-03-22"
  },
  {
    "firstName": "Marcie",
    "lastName": "Smith",
    "birthdate": "1971-03-10"
  },
  {
    "firstName": "Kane",
    "lastName": "Chase",
    "birthdate": "1974-11-20"
  },
  {
    "firstName": "Karen",
    "lastName": "Dunn",
    "birthdate": "1975-12-13"
  },
  {
    "firstName": "Levine",
    "lastName": "Downs",
    "birthdate": "1993-05-30"
  },
  {
    "firstName": "Monica",
    "lastName": "Wheeler",
    "birthdate": "1969-12-16"
  },
  {
    "firstName": "Erna",
    "lastName": "Salazar",
    "birthdate": "2016-01-27"
  },
  {
    "firstName": "Fisher",
    "lastName": "Henson",
    "birthdate": "1973-06-26"
  },
  {
    "firstName": "Hoover",
    "lastName": "Garner",
    "birthdate": "1965-04-18"
  },
  {
    "firstName": "Snider",
    "lastName": "Ward",
    "birthdate": "1989-09-27"
  },
  {
    "firstName": "Mcgowan",
    "lastName": "Boyd",
    "birthdate": "1975-12-16"
  },
  {
    "firstName": "Laverne",
    "lastName": "Berg",
    "birthdate": "1992-11-02"
  },
  {
    "firstName": "Bray",
    "lastName": "Sweeney",
    "birthdate": "1980-12-23"
  },
  {
    "firstName": "Wendi",
    "lastName": "Wooten",
    "birthdate": "1954-06-26"
  },
  {
    "firstName": "Newton",
    "lastName": "Calderon",
    "birthdate": "2013-03-22"
  },
  {
    "firstName": "Sondra",
    "lastName": "Bowman",
    "birthdate": "1982-01-15"
  },
  {
    "firstName": "Dolly",
    "lastName": "Rice",
    "birthdate": "1963-10-09"
  },
  {
    "firstName": "Sanchez",
    "lastName": "Morse",
    "birthdate": "1986-10-07"
  },
  {
    "firstName": "Dunlap",
    "lastName": "Hammond",
    "birthdate": "2001-03-05"
  },
  {
    "firstName": "Poole",
    "lastName": "Mayo",
    "birthdate": "2002-08-19"
  },
  {
    "firstName": "Potts",
    "lastName": "Walsh",
    "birthdate": "1967-06-19"
  },
  {
    "firstName": "Hatfield",
    "lastName": "Acosta",
    "birthdate": "2003-08-28"
  },
  {
    "firstName": "Obrien",
    "lastName": "England",
    "birthdate": "1978-03-11"
  },
  {
    "firstName": "Webb",
    "lastName": "Barnes",
    "birthdate": "2020-02-04"
  },
  {
    "firstName": "Marguerite",
    "lastName": "Harrington",
    "birthdate": "1980-12-01"
  },
  {
    "firstName": "Kristi",
    "lastName": "Wilcox",
    "birthdate": "1987-07-05"
  },
  {
    "firstName": "Shana",
    "lastName": "Bennett",
    "birthdate": "2000-11-30"
  },
  {
    "firstName": "Gloria",
    "lastName": "House",
    "birthdate": "1971-12-12"
  },
  {
    "firstName": "Violet",
    "lastName": "Perez",
    "birthdate": "1971-03-18"
  },
  {
    "firstName": "Magdalena",
    "lastName": "Davis",
    "birthdate": "1958-01-28"
  },
  {
    "firstName": "Deloris",
    "lastName": "Parsons",
    "birthdate": "2006-12-12"
  },
  {
    "firstName": "Fletcher",
    "lastName": "Morin",
    "birthdate": "2002-07-27"
  },
  {
    "firstName": "Rollins",
    "lastName": "Bryant",
    "birthdate": "2014-01-16"
  },
  {
    "firstName": "Villarreal",
    "lastName": "Robinson",
    "birthdate": "2014-05-04"
  },
  {
    "firstName": "Coleen",
    "lastName": "Reyes",
    "birthdate": "2019-02-05"
  },
  {
    "firstName": "Elnora",
    "lastName": "Raymond",
    "birthdate": "1978-04-04"
  },
  {
    "firstName": "Snyder",
    "lastName": "Wallace",
    "birthdate": "2011-10-21"
  },
  {
    "firstName": "Porter",
    "lastName": "Guthrie",
    "birthdate": "1966-03-19"
  },
  {
    "firstName": "Buckner",
    "lastName": "Kane",
    "birthdate": "1954-03-02"
  },
  {
    "firstName": "Rosalind",
    "lastName": "Farmer",
    "birthdate": "1992-09-22"
  },
  {
    "firstName": "Mayra",
    "lastName": "Noble",
    "birthdate": "2012-09-22"
  },
  {
    "firstName": "Bishop",
    "lastName": "Baker",
    "birthdate": "2008-03-22"
  },
  {
    "firstName": "Kristina",
    "lastName": "Fuentes",
    "birthdate": "1955-04-19"
  },
  {
    "firstName": "Benson",
    "lastName": "Cooper",
    "birthdate": "1989-12-13"
  },
  {
    "firstName": "Kirk",
    "lastName": "Rodgers",
    "birthdate": "2021-11-20"
  },
  {
    "firstName": "Penelope",
    "lastName": "Shepherd",
    "birthdate": "1950-06-01"
  },
  {
    "firstName": "Walter",
    "lastName": "Pruitt",
    "birthdate": "1993-09-17"
  },
  {
    "firstName": "Robyn",
    "lastName": "Wynn",
    "birthdate": "1990-10-17"
  },
  {
    "firstName": "Farley",
    "lastName": "Avila",
    "birthdate": "1950-11-19"
  },
  {
    "firstName": "Watkins",
    "lastName": "Aguirre",
    "birthdate": "2022-01-07"
  },
  {
    "firstName": "Rojas",
    "lastName": "Mcbride",
    "birthdate": "1950-09-17"
  },
  {
    "firstName": "Ramirez",
    "lastName": "Love",
    "birthdate": "1995-11-27"
  },
  {
    "firstName": "Barbra",
    "lastName": "Skinner",
    "birthdate": "1970-06-03"
  },
  {
    "firstName": "Witt",
    "lastName": "Kaufman",
    "birthdate": "2006-05-15"
  },
  {
    "firstName": "Kayla",
    "lastName": "Pitts",
    "birthdate": "2011-03-15"
  },
  {
    "firstName": "Savannah",
    "lastName": "Maddox",
    "birthdate": "1991-03-18"
  },
  {
    "firstName": "Adrienne",
    "lastName": "Pickett",
    "birthdate": "1994-01-28"
  },
  {
    "firstName": "Burgess",
    "lastName": "Harding",
    "birthdate": "1972-01-23"
  },
  {
    "firstName": "Dorsey",
    "lastName": "Roy",
    "birthdate": "2018-12-03"
  },
  {
    "firstName": "Chaney",
    "lastName": "Fowler",
    "birthdate": "1978-07-03"
  },
  {
    "firstName": "Tanisha",
    "lastName": "Simon",
    "birthdate": "1968-12-17"
  },
  {
    "firstName": "Greer",
    "lastName": "Herman",
    "birthdate": "1965-06-30"
  },
  {
    "firstName": "Lauri",
    "lastName": "Little",
    "birthdate": "1983-01-02"
  },
  {
    "firstName": "Brown",
    "lastName": "Guzman",
    "birthdate": "2015-01-10"
  },
  {
    "firstName": "Katherine",
    "lastName": "Hardin",
    "birthdate": "1963-03-03"
  },
  {
    "firstName": "Barry",
    "lastName": "Tucker",
    "birthdate": "2012-09-12"
  },
  {
    "firstName": "Alston",
    "lastName": "Burns",
    "birthdate": "1958-07-27"
  },
  {
    "firstName": "Silvia",
    "lastName": "Page",
    "birthdate": "2009-08-12"
  },
  {
    "firstName": "Diane",
    "lastName": "Hughes",
    "birthdate": "2023-01-17"
  },
  {
    "firstName": "Yang",
    "lastName": "Kinney",
    "birthdate": "1972-09-24"
  },
  {
    "firstName": "Dawn",
    "lastName": "Stokes",
    "birthdate": "1950-02-05"
  },
  {
    "firstName": "Murray",
    "lastName": "Peters",
    "birthdate": "1959-07-14"
  },
  {
    "firstName": "Blackwell",
    "lastName": "Wyatt",
    "birthdate": "1992-10-03"
  },
  {
    "firstName": "Le",
    "lastName": "Gay",
    "birthdate": "2013-12-13"
  },
  {
    "firstName": "Valdez",
    "lastName": "Grant",
    "birthdate": "1991-04-26"
  },
  {
    "firstName": "Sandy",
    "lastName": "Santana",
    "birthdate": "1967-11-15"
  },
  {
    "firstName": "Cross",
    "lastName": "Moran",
    "birthdate": "1957-11-14"
  },
  {
    "firstName": "Sargent",
    "lastName": "Berger",
    "birthdate": "2016-09-12"
  },
  {
    "firstName": "Sharron",
    "lastName": "Horton",
    "birthdate": "2023-04-29"
  },
  {
    "firstName": "Leann",
    "lastName": "Vargas",
    "birthdate": "1989-10-27"
  },
  {
    "firstName": "Adrian",
    "lastName": "Vincent",
    "birthdate": "1974-12-12"
  },
  {
    "firstName": "Hines",
    "lastName": "Holman",
    "birthdate": "1989-03-28"
  },
  {
    "firstName": "Christy",
    "lastName": "Price",
    "birthdate": "1999-02-21"
  },
  {
    "firstName": "Doreen",
    "lastName": "Snider",
    "birthdate": "1954-04-12"
  },
  {
    "firstName": "Roslyn",
    "lastName": "Mckinney",
    "birthdate": "2013-12-18"
  },
  {
    "firstName": "Kerri",
    "lastName": "Joyner",
    "birthdate": "2004-02-19"
  },
  {
    "firstName": "Turner",
    "lastName": "Nicholson",
    "birthdate": "1968-09-19"
  },
  {
    "firstName": "Noel",
    "lastName": "Mcfarland",
    "birthdate": "2022-09-30"
  },
  {
    "firstName": "Lawrence",
    "lastName": "Hatfield",
    "birthdate": "1959-03-30"
  },
  {
    "firstName": "Kemp",
    "lastName": "Young",
    "birthdate": "1978-02-08"
  },
  {
    "firstName": "Yesenia",
    "lastName": "Schwartz",
    "birthdate": "1986-02-27"
  },
  {
    "firstName": "Chris",
    "lastName": "Padilla",
    "birthdate": "1955-12-11"
  },
  {
    "firstName": "Parrish",
    "lastName": "Ware",
    "birthdate": "1971-03-04"
  },
  {
    "firstName": "Cantrell",
    "lastName": "Weiss",
    "birthdate": "2018-02-05"
  },
  {
    "firstName": "Lynette",
    "lastName": "Robertson",
    "birthdate": "1976-09-22"
  },
  {
    "firstName": "Jackson",
    "lastName": "Gardner",
    "birthdate": "2018-08-28"
  },
  {
    "firstName": "Peggy",
    "lastName": "Turner",
    "birthdate": "1966-02-04"
  },
  {
    "firstName": "Daphne",
    "lastName": "Mercado",
    "birthdate": "1957-07-27"
  },
  {
    "firstName": "Latasha",
    "lastName": "Leach",
    "birthdate": "2022-04-02"
  },
  {
    "firstName": "Cote",
    "lastName": "Winters",
    "birthdate": "1960-05-08"
  },
  {
    "firstName": "Pruitt",
    "lastName": "Blake",
    "birthdate": "1957-06-21"
  },
  {
    "firstName": "Delaney",
    "lastName": "Compton",
    "birthdate": "2019-08-12"
  },
  {
    "firstName": "Coffey",
    "lastName": "Mccall",
    "birthdate": "2005-04-15"
  },
  {
    "firstName": "Marjorie",
    "lastName": "Huber",
    "birthdate": "1983-09-30"
  },
  {
    "firstName": "Rosales",
    "lastName": "Hill",
    "birthdate": "1987-05-11"
  },
  {
    "firstName": "Hamilton",
    "lastName": "Sears",
    "birthdate": "1990-03-25"
  },
  {
    "firstName": "Good",
    "lastName": "Rollins",
    "birthdate": "1954-08-03"
  },
  {
    "firstName": "Elva",
    "lastName": "Clayton",
    "birthdate": "1997-02-19"
  },
  {
    "firstName": "Lenora",
    "lastName": "Bender",
    "birthdate": "1967-06-09"
  },
  {
    "firstName": "Woods",
    "lastName": "Carver",
    "birthdate": "1983-03-01"
  },
  {
    "firstName": "Brewer",
    "lastName": "Macdonald",
    "birthdate": "1983-09-20"
  },
  {
    "firstName": "Rosalinda",
    "lastName": "Mullen",
    "birthdate": "1967-05-10"
  },
  {
    "firstName": "Woodard",
    "lastName": "Mcmahon",
    "birthdate": "2011-02-12"
  },
  {
    "firstName": "Kendra",
    "lastName": "Phelps",
    "birthdate": "2010-03-30"
  },
  {
    "firstName": "Hazel",
    "lastName": "Weeks",
    "birthdate": "2019-06-23"
  },
  {
    "firstName": "Figueroa",
    "lastName": "Stevens",
    "birthdate": "2022-03-07"
  },
  {
    "firstName": "Patrick",
    "lastName": "Ferguson",
    "birthdate": "2007-01-07"
  },
  {
    "firstName": "Stanton",
    "lastName": "Osborn",
    "birthdate": "2005-03-19"
  },
  {
    "firstName": "Duffy",
    "lastName": "Merritt",
    "birthdate": "1975-08-02"
  },
  {
    "firstName": "James",
    "lastName": "Francis",
    "birthdate": "1958-03-12"
  },
  {
    "firstName": "Beard",
    "lastName": "Ryan",
    "birthdate": "1950-03-27"
  },
  {
    "firstName": "Finch",
    "lastName": "Small",
    "birthdate": "1995-09-21"
  },
  {
    "firstName": "Concetta",
    "lastName": "Moreno",
    "birthdate": "1960-07-11"
  },
  {
    "firstName": "Marci",
    "lastName": "Peck",
    "birthdate": "1972-03-25"
  },
  {
    "firstName": "Alvarado",
    "lastName": "Pena",
    "birthdate": "2020-07-09"
  },
  {
    "firstName": "Langley",
    "lastName": "Juarez",
    "birthdate": "2014-06-12"
  },
  {
    "firstName": "Downs",
    "lastName": "Mcgowan",
    "birthdate": "2016-09-26"
  },
  {
    "firstName": "Carrillo",
    "lastName": "Mccullough",
    "birthdate": "2013-06-19"
  },
  {
    "firstName": "Larson",
    "lastName": "Kennedy",
    "birthdate": "2010-12-10"
  },
  {
    "firstName": "Marietta",
    "lastName": "Waller",
    "birthdate": "1998-05-25"
  },
  {
    "firstName": "Tate",
    "lastName": "Valenzuela",
    "birthdate": "1963-11-25"
  },
  {
    "firstName": "Joseph",
    "lastName": "Barton",
    "birthdate": "1979-07-22"
  },
  {
    "firstName": "Mallory",
    "lastName": "Mcknight",
    "birthdate": "1966-03-09"
  },
  {
    "firstName": "Huffman",
    "lastName": "Anderson",
    "birthdate": "1966-09-27"
  },
  {
    "firstName": "Clements",
    "lastName": "Houston",
    "birthdate": "2011-10-17"
  },
  {
    "firstName": "Cunningham",
    "lastName": "Reilly",
    "birthdate": "1953-11-10"
  },
  {
    "firstName": "Wheeler",
    "lastName": "Franks",
    "birthdate": "2017-01-04"
  },
  {
    "firstName": "Lloyd",
    "lastName": "Reed",
    "birthdate": "2005-06-07"
  },
  {
    "firstName": "Jillian",
    "lastName": "Hess",
    "birthdate": "1958-12-12"
  },
  {
    "firstName": "Tillman",
    "lastName": "Haney",
    "birthdate": "1971-12-05"
  },
  {
    "firstName": "Madeleine",
    "lastName": "Webb",
    "birthdate": "1988-04-30"
  },
  {
    "firstName": "Olive",
    "lastName": "Knapp",
    "birthdate": "2003-12-15"
  },
  {
    "firstName": "Holman",
    "lastName": "Rutledge",
    "birthdate": "1951-09-03"
  },
  {
    "firstName": "Teresa",
    "lastName": "Mcguire",
    "birthdate": "1965-02-11"
  },
  {
    "firstName": "Clarke",
    "lastName": "Flores",
    "birthdate": "1977-10-14"
  },
  {
    "firstName": "Lisa",
    "lastName": "Sosa",
    "birthdate": "2000-08-27"
  },
  {
    "firstName": "Deanne",
    "lastName": "Christensen",
    "birthdate": "1991-08-07"
  },
  {
    "firstName": "Paige",
    "lastName": "Knight",
    "birthdate": "2019-01-14"
  },
  {
    "firstName": "Aileen",
    "lastName": "James",
    "birthdate": "2019-03-24"
  },
  {
    "firstName": "Haley",
    "lastName": "Bruce",
    "birthdate": "1981-09-01"
  },
  {
    "firstName": "Tabatha",
    "lastName": "Durham",
    "birthdate": "1964-05-12"
  },
  {
    "firstName": "Baldwin",
    "lastName": "Middleton",
    "birthdate": "1969-08-11"
  },
  {
    "firstName": "Lacy",
    "lastName": "Ratliff",
    "birthdate": "1995-09-17"
  },
  {
    "firstName": "Alyce",
    "lastName": "Gentry",
    "birthdate": "2005-10-01"
  },
  {
    "firstName": "Page",
    "lastName": "Giles",
    "birthdate": "1988-03-02"
  },
  {
    "firstName": "Leblanc",
    "lastName": "Duffy",
    "birthdate": "1970-03-24"
  },
  {
    "firstName": "Twila",
    "lastName": "Roach",
    "birthdate": "2009-12-10"
  },
  {
    "firstName": "Liz",
    "lastName": "Mccoy",
    "birthdate": "2020-10-02"
  },
  {
    "firstName": "Alana",
    "lastName": "Gilbert",
    "birthdate": "1980-03-05"
  },
  {
    "firstName": "Esther",
    "lastName": "Cochran",
    "birthdate": "1989-09-08"
  },
  {
    "firstName": "Garrett",
    "lastName": "Hoffman",
    "birthdate": "1982-05-22"
  },
  {
    "firstName": "Hunter",
    "lastName": "Hale",
    "birthdate": "1988-04-06"
  },
  {
    "firstName": "Ray",
    "lastName": "Hancock",
    "birthdate": "1987-07-08"
  },
  {
    "firstName": "Angelina",
    "lastName": "Frye",
    "birthdate": "2018-01-09"
  },
  {
    "firstName": "Jewell",
    "lastName": "Copeland",
    "birthdate": "2013-12-14"
  },
  {
    "firstName": "Hood",
    "lastName": "Knox",
    "birthdate": "1978-06-07"
  },
  {
    "firstName": "Felecia",
    "lastName": "Thompson",
    "birthdate": "1996-03-08"
  },
  {
    "firstName": "Rosario",
    "lastName": "Powers",
    "birthdate": "1986-04-08"
  },
  {
    "firstName": "Hammond",
    "lastName": "Silva",
    "birthdate": "1972-05-14"
  },
  {
    "firstName": "Marisol",
    "lastName": "Pearson",
    "birthdate": "1960-10-05"
  },
  {
    "firstName": "Decker",
    "lastName": "Marshall",
    "birthdate": "2019-08-27"
  },
  {
    "firstName": "Elliott",
    "lastName": "Chapman",
    "birthdate": "1966-12-10"
  },
  {
    "firstName": "Stevens",
    "lastName": "Dennis",
    "birthdate": "2015-01-24"
  },
  {
    "firstName": "Sharp",
    "lastName": "Landry",
    "birthdate": "1952-04-01"
  },
  {
    "firstName": "Cohen",
    "lastName": "Burt",
    "birthdate": "2003-10-20"
  },
  {
    "firstName": "Ilene",
    "lastName": "Hunt",
    "birthdate": "2006-12-09"
  },
  {
    "firstName": "April",
    "lastName": "Mayer",
    "birthdate": "1968-11-06"
  },
  {
    "firstName": "Marsh",
    "lastName": "Mcleod",
    "birthdate": "1962-12-12"
  },
  {
    "firstName": "Renee",
    "lastName": "Ross",
    "birthdate": "1984-06-07"
  },
  {
    "firstName": "Gallagher",
    "lastName": "Byers",
    "birthdate": "1971-01-04"
  },
  {
    "firstName": "Rocha",
    "lastName": "Holder",
    "birthdate": "1958-03-26"
  },
  {
    "firstName": "Compton",
    "lastName": "Kelly",
    "birthdate": "1990-04-19"
  },
  {
    "firstName": "Howard",
    "lastName": "Haynes",
    "birthdate": "1989-06-04"
  },
  {
    "firstName": "Wise",
    "lastName": "Soto",
    "birthdate": "1969-05-03"
  },
  {
    "firstName": "Marina",
    "lastName": "Perry",
    "birthdate": "1990-12-10"
  },
  {
    "firstName": "Charlotte",
    "lastName": "Duke",
    "birthdate": "1982-03-12"
  },
  {
    "firstName": "Paulette",
    "lastName": "Mcmillan",
    "birthdate": "1994-03-18"
  },
  {
    "firstName": "Rose",
    "lastName": "Bray",
    "birthdate": "1975-03-12"
  },
  {
    "firstName": "Wilson",
    "lastName": "Herrera",
    "birthdate": "1977-09-19"
  },
  {
    "firstName": "Cheryl",
    "lastName": "Kerr",
    "birthdate": "1968-04-05"
  },
  {
    "firstName": "Williams",
    "lastName": "Thomas",
    "birthdate": "1984-02-20"
  },
  {
    "firstName": "Neva",
    "lastName": "Dillard",
    "birthdate": "1959-03-20"
  },
  {
    "firstName": "Holland",
    "lastName": "Lowe",
    "birthdate": "1969-04-21"
  },
  {
    "firstName": "Clark",
    "lastName": "Romero",
    "birthdate": "1981-12-04"
  },
  {
    "firstName": "Valerie",
    "lastName": "Meyer",
    "birthdate": "1962-04-10"
  },
  {
    "firstName": "Odonnell",
    "lastName": "Black",
    "birthdate": "1985-01-17"
  },
  {
    "firstName": "Stephens",
    "lastName": "Poole",
    "birthdate": "2006-04-08"
  },
  {
    "firstName": "Corinne",
    "lastName": "Lang",
    "birthdate": "2003-06-06"
  },
  {
    "firstName": "Wright",
    "lastName": "Bishop",
    "birthdate": "1980-12-13"
  },
  {
    "firstName": "Hutchinson",
    "lastName": "Chan",
    "birthdate": "1961-07-01"
  },
  {
    "firstName": "Avis",
    "lastName": "Byrd",
    "birthdate": "1958-06-27"
  },
  {
    "firstName": "Nixon",
    "lastName": "Navarro",
    "birthdate": "2013-07-31"
  },
  {
    "firstName": "Keri",
    "lastName": "Jackson",
    "birthdate": "1970-01-26"
  },
  {
    "firstName": "Katheryn",
    "lastName": "Burks",
    "birthdate": "1981-04-30"
  },
  {
    "firstName": "Hewitt",
    "lastName": "Boyer",
    "birthdate": "2023-03-02"
  },
  {
    "firstName": "Nanette",
    "lastName": "Alexander",
    "birthdate": "1961-11-06"
  },
  {
    "firstName": "Malone",
    "lastName": "Daniels",
    "birthdate": "2017-05-28"
  },
  {
    "firstName": "Hardy",
    "lastName": "Holden",
    "birthdate": "2011-10-15"
  },
  {
    "firstName": "Karin",
    "lastName": "Green",
    "birthdate": "2009-10-28"
  },
  {
    "firstName": "Webster",
    "lastName": "Burke",
    "birthdate": "2013-05-31"
  },
  {
    "firstName": "Mcbride",
    "lastName": "Mays",
    "birthdate": "2005-05-01"
  },
  {
    "firstName": "Pratt",
    "lastName": "Fields",
    "birthdate": "1990-10-06"
  },
  {
    "firstName": "Kim",
    "lastName": "Carrillo",
    "birthdate": "2007-01-20"
  },
  {
    "firstName": "Cathy",
    "lastName": "Owens",
    "birthdate": "1970-12-13"
  },
  {
    "firstName": "Diana",
    "lastName": "Estrada",
    "birthdate": "2018-06-30"
  },
  {
    "firstName": "Palmer",
    "lastName": "Baldwin",
    "birthdate": "2000-11-27"
  },
  {
    "firstName": "Letha",
    "lastName": "Nash",
    "birthdate": "2013-10-28"
  },
  {
    "firstName": "Lacey",
    "lastName": "Solomon",
    "birthdate": "2013-03-18"
  },
  {
    "firstName": "Chelsea",
    "lastName": "Flowers",
    "birthdate": "1974-01-16"
  },
  {
    "firstName": "Anastasia",
    "lastName": "Pacheco",
    "birthdate": "1970-06-26"
  },
  {
    "firstName": "Arline",
    "lastName": "Miranda",
    "birthdate": "1992-05-13"
  },
  {
    "firstName": "Deleon",
    "lastName": "Zimmerman",
    "birthdate": "2013-02-21"
  },
  {
    "firstName": "Ball",
    "lastName": "Mills",
    "birthdate": "1952-04-08"
  },
  {
    "firstName": "Crawford",
    "lastName": "Bauer",
    "birthdate": "1972-09-29"
  },
  {
    "firstName": "Wynn",
    "lastName": "Rojas",
    "birthdate": "2008-02-01"
  },
  {
    "firstName": "Debbie",
    "lastName": "Manning",
    "birthdate": "1977-08-01"
  },
  {
    "firstName": "Meagan",
    "lastName": "Bradshaw",
    "birthdate": "1968-08-23"
  },
  {
    "firstName": "Traci",
    "lastName": "Butler",
    "birthdate": "2016-11-28"
  },
  {
    "firstName": "Humphrey",
    "lastName": "Cotton",
    "birthdate": "2020-02-26"
  },
  {
    "firstName": "Taylor",
    "lastName": "Jacobson",
    "birthdate": "1969-02-05"
  },
  {
    "firstName": "Flowers",
    "lastName": "Lee",
    "birthdate": "2009-08-06"
  },
  {
    "firstName": "Haley",
    "lastName": "Barr",
    "birthdate": "2012-06-02"
  },
  {
    "firstName": "Mullen",
    "lastName": "Lynn",
    "birthdate": "1998-08-18"
  },
  {
    "firstName": "Buckley",
    "lastName": "Casey",
    "birthdate": "1995-07-17"
  },
  {
    "firstName": "Castro",
    "lastName": "Norton",
    "birthdate": "1953-11-21"
  },
  {
    "firstName": "Heath",
    "lastName": "Galloway",
    "birthdate": "2017-03-21"
  },
  {
    "firstName": "Riddle",
    "lastName": "Perkins",
    "birthdate": "2021-07-31"
  },
  {
    "firstName": "Autumn",
    "lastName": "Mccarthy",
    "birthdate": "1986-09-06"
  },
  {
    "firstName": "Soto",
    "lastName": "Rivas",
    "birthdate": "1993-11-02"
  },
  {
    "firstName": "Aisha",
    "lastName": "Shaw",
    "birthdate": "1999-09-17"
  },
  {
    "firstName": "Emilia",
    "lastName": "Bentley",
    "birthdate": "2017-12-12"
  },
  {
    "firstName": "Cabrera",
    "lastName": "Hyde",
    "birthdate": "2010-03-16"
  },
  {
    "firstName": "Shelley",
    "lastName": "Campbell",
    "birthdate": "2022-05-11"
  },
  {
    "firstName": "Green",
    "lastName": "Santiago",
    "birthdate": "1989-03-13"
  },
  {
    "firstName": "Ebony",
    "lastName": "Leon",
    "birthdate": "1979-07-06"
  },
  {
    "firstName": "Dionne",
    "lastName": "Sharpe",
    "birthdate": "1964-05-16"
  },
  {
    "firstName": "Rice",
    "lastName": "Pate",
    "birthdate": "1960-04-22"
  },
  {
    "firstName": "Chen",
    "lastName": "Lester",
    "birthdate": "1992-06-01"
  },
  {
    "firstName": "Katelyn",
    "lastName": "Garcia",
    "birthdate": "2003-12-02"
  },
  {
    "firstName": "Tucker",
    "lastName": "Welch",
    "birthdate": "2014-09-02"
  },
  {
    "firstName": "Herminia",
    "lastName": "Alston",
    "birthdate": "2002-04-05"
  },
  {
    "firstName": "Faulkner",
    "lastName": "Dean",
    "birthdate": "2004-05-29"
  },
  {
    "firstName": "Tessa",
    "lastName": "Barnett",
    "birthdate": "1997-03-26"
  },
  {
    "firstName": "Rasmussen",
    "lastName": "Floyd",
    "birthdate": "2011-03-11"
  },
  {
    "firstName": "Evangelina",
    "lastName": "Mason",
    "birthdate": "2004-07-18"
  },
  {
    "firstName": "Harrell",
    "lastName": "Chen",
    "birthdate": "1957-12-19"
  },
  {
    "firstName": "Johnson",
    "lastName": "Kirk",
    "birthdate": "1954-07-14"
  },
  {
    "firstName": "Bryant",
    "lastName": "Albert",
    "birthdate": "1982-07-18"
  },
  {
    "firstName": "Ashley",
    "lastName": "Alvarado",
    "birthdate": "1996-04-26"
  },
  {
    "firstName": "Cooley",
    "lastName": "Singleton",
    "birthdate": "1979-05-24"
  },
  {
    "firstName": "Stevenson",
    "lastName": "Edwards",
    "birthdate": "1972-10-20"
  },
  {
    "firstName": "Rosemarie",
    "lastName": "Delacruz",
    "birthdate": "2010-10-31"
  },
  {
    "firstName": "Calhoun",
    "lastName": "Howard",
    "birthdate": "1950-02-16"
  },
  {
    "firstName": "Christian",
    "lastName": "Gallagher",
    "birthdate": "2009-07-07"
  },
  {
    "firstName": "Schneider",
    "lastName": "Moon",
    "birthdate": "2018-11-21"
  },
  {
    "firstName": "Deborah",
    "lastName": "Fry",
    "birthdate": "1990-02-12"
  },
  {
    "firstName": "Duncan",
    "lastName": "Jefferson",
    "birthdate": "1997-05-29"
  },
  {
    "firstName": "Leon",
    "lastName": "Schmidt",
    "birthdate": "1997-12-08"
  },
  {
    "firstName": "Dennis",
    "lastName": "Shannon",
    "birthdate": "1954-11-21"
  },
  {
    "firstName": "Casey",
    "lastName": "Noel",
    "birthdate": "2022-08-22"
  },
  {
    "firstName": "Michelle",
    "lastName": "Trujillo",
    "birthdate": "1959-10-07"
  },
  {
    "firstName": "Bobbi",
    "lastName": "Stewart",
    "birthdate": "1964-01-11"
  },
  {
    "firstName": "Tina",
    "lastName": "Coffey",
    "birthdate": "1953-02-27"
  },
  {
    "firstName": "Adele",
    "lastName": "Frederick",
    "birthdate": "1981-10-01"
  },
  {
    "firstName": "Bernadine",
    "lastName": "Odonnell",
    "birthdate": "1964-12-13"
  },
  {
    "firstName": "Blake",
    "lastName": "Greer",
    "birthdate": "1963-09-29"
  },
  {
    "firstName": "Joan",
    "lastName": "Davidson",
    "birthdate": "1956-09-10"
  },
  {
    "firstName": "Pamela",
    "lastName": "Nunez",
    "birthdate": "1955-05-29"
  },
  {
    "firstName": "Janie",
    "lastName": "Morgan",
    "birthdate": "2002-09-14"
  },
  {
    "firstName": "Ora",
    "lastName": "Foley",
    "birthdate": "2020-03-06"
  },
  {
    "firstName": "Amelia",
    "lastName": "Freeman",
    "birthdate": "1994-12-28"
  },
  {
    "firstName": "Rosa",
    "lastName": "Mcdonald",
    "birthdate": "1975-01-17"
  },
  {
    "firstName": "Shaffer",
    "lastName": "Clay",
    "birthdate": "2010-07-04"
  },
  {
    "firstName": "Garner",
    "lastName": "Monroe",
    "birthdate": "1963-05-23"
  },
  {
    "firstName": "Camille",
    "lastName": "Hines",
    "birthdate": "1955-11-04"
  },
  {
    "firstName": "Ophelia",
    "lastName": "Atkins",
    "birthdate": "1951-11-03"
  },
  {
    "firstName": "Helen",
    "lastName": "Benjamin",
    "birthdate": "2010-02-18"
  },
  {
    "firstName": "Nichols",
    "lastName": "Aguilar",
    "birthdate": "2011-05-02"
  },
  {
    "firstName": "Marian",
    "lastName": "Christian",
    "birthdate": "2018-02-18"
  },
  {
    "firstName": "Dianna",
    "lastName": "Fischer",
    "birthdate": "1957-05-06"
  },
  {
    "firstName": "Jeanie",
    "lastName": "Glover",
    "birthdate": "2020-11-20"
  },
  {
    "firstName": "Tammy",
    "lastName": "Mcpherson",
    "birthdate": "1998-09-01"
  },
  {
    "firstName": "Meyers",
    "lastName": "Dyer",
    "birthdate": "2003-10-18"
  },
  {
    "firstName": "Merritt",
    "lastName": "Cantrell",
    "birthdate": "1968-04-07"
  },
  {
    "firstName": "Dickson",
    "lastName": "Richards",
    "birthdate": "1999-08-12"
  },
  {
    "firstName": "Hurst",
    "lastName": "Jacobs",
    "birthdate": "1991-11-27"
  },
  {
    "firstName": "Lorie",
    "lastName": "Chambers",
    "birthdate": "1975-07-25"
  },
  {
    "firstName": "Cindy",
    "lastName": "Sherman",
    "birthdate": "1995-01-16"
  },
  {
    "firstName": "Manning",
    "lastName": "Puckett",
    "birthdate": "1980-08-05"
  },
  {
    "firstName": "Leanne",
    "lastName": "George",
    "birthdate": "1959-08-03"
  },
  {
    "firstName": "Alicia",
    "lastName": "Guy",
    "birthdate": "2021-03-22"
  },
  {
    "firstName": "Nellie",
    "lastName": "Wiggins",
    "birthdate": "1983-05-20"
  },
  {
    "firstName": "Angelia",
    "lastName": "Booth",
    "birthdate": "1954-09-22"
  },
  {
    "firstName": "Velasquez",
    "lastName": "Barrett",
    "birthdate": "2005-03-08"
  },
  {
    "firstName": "Shirley",
    "lastName": "Watson",
    "birthdate": "1976-05-19"
  },
  {
    "firstName": "Bonner",
    "lastName": "Willis",
    "birthdate": "1959-10-06"
  },
  {
    "firstName": "Butler",
    "lastName": "Stein",
    "birthdate": "1974-05-27"
  },
  {
    "firstName": "Marilyn",
    "lastName": "Moore",
    "birthdate": "2005-01-12"
  },
  {
    "firstName": "Jacklyn",
    "lastName": "Prince",
    "birthdate": "1976-07-30"
  },
  {
    "firstName": "Agnes",
    "lastName": "Solis",
    "birthdate": "1950-12-31"
  },
  {
    "firstName": "Pollard",
    "lastName": "Simmons",
    "birthdate": "1963-12-12"
  },
  {
    "firstName": "Valenzuela",
    "lastName": "French",
    "birthdate": "2003-11-25"
  },
  {
    "firstName": "Tara",
    "lastName": "Bartlett",
    "birthdate": "1964-02-13"
  },
  {
    "firstName": "Karyn",
    "lastName": "Oliver",
    "birthdate": "1976-10-10"
  },
  {
    "firstName": "Wallace",
    "lastName": "Fernandez",
    "birthdate": "1970-02-01"
  },
  {
    "firstName": "Candice",
    "lastName": "Holcomb",
    "birthdate": "1971-11-28"
  },
  {
    "firstName": "Harmon",
    "lastName": "Baird",
    "birthdate": "1996-01-18"
  },
  {
    "firstName": "Gale",
    "lastName": "Sanders",
    "birthdate": "1982-07-02"
  },
  {
    "firstName": "Katharine",
    "lastName": "Mcneil",
    "birthdate": "2020-12-23"
  },
  {
    "firstName": "Garcia",
    "lastName": "Meadows",
    "birthdate": "2002-08-11"
  },
  {
    "firstName": "Grimes",
    "lastName": "Higgins",
    "birthdate": "2003-09-02"
  },
  {
    "firstName": "Tameka",
    "lastName": "Benton",
    "birthdate": "1952-12-13"
  },
  {
    "firstName": "Jane",
    "lastName": "Ayala",
    "birthdate": "1961-05-03"
  },
  {
    "firstName": "Bright",
    "lastName": "Langley",
    "birthdate": "1995-04-14"
  },
  {
    "firstName": "Terrie",
    "lastName": "Stout",
    "birthdate": "2021-12-09"
  },
  {
    "firstName": "Leta",
    "lastName": "Burton",
    "birthdate": "2022-06-27"
  },
  {
    "firstName": "Robin",
    "lastName": "Vinson",
    "birthdate": "2018-03-28"
  },
  {
    "firstName": "Day",
    "lastName": "Webster",
    "birthdate": "2001-10-09"
  },
  {
    "firstName": "Jami",
    "lastName": "Walls",
    "birthdate": "1984-06-11"
  },
  {
    "firstName": "Beach",
    "lastName": "Carroll",
    "birthdate": "1960-07-06"
  },
  {
    "firstName": "Vaughn",
    "lastName": "Kirkland",
    "birthdate": "1991-05-24"
  },
  {
    "firstName": "Alma",
    "lastName": "Newton",
    "birthdate": "2017-07-10"
  },
  {
    "firstName": "Hays",
    "lastName": "Daugherty",
    "birthdate": "2002-04-27"
  },
  {
    "firstName": "Drake",
    "lastName": "Fulton",
    "birthdate": "2004-04-07"
  },
  {
    "firstName": "Gould",
    "lastName": "Gross",
    "birthdate": "1972-06-18"
  },
  {
    "firstName": "Hendricks",
    "lastName": "Mcdowell",
    "birthdate": "1993-12-03"
  },
  {
    "firstName": "Robinson",
    "lastName": "Cherry",
    "birthdate": "2017-11-22"
  },
  {
    "firstName": "Schwartz",
    "lastName": "Finley",
    "birthdate": "1989-07-23"
  },
  {
    "firstName": "Lottie",
    "lastName": "Nielsen",
    "birthdate": "2001-10-21"
  },
  {
    "firstName": "Elaine",
    "lastName": "Goff",
    "birthdate": "1969-11-04"
  },
  {
    "firstName": "Frederick",
    "lastName": "Reynolds",
    "birthdate": "2012-12-13"
  },
  {
    "firstName": "Bradshaw",
    "lastName": "Guerra",
    "birthdate": "2013-05-20"
  },
  {
    "firstName": "Krystal",
    "lastName": "Norman",
    "birthdate": "1959-05-09"
  },
  {
    "firstName": "Logan",
    "lastName": "Lynch",
    "birthdate": "1954-02-11"
  },
  {
    "firstName": "Norman",
    "lastName": "Schroeder",
    "birthdate": "1998-12-07"
  },
  {
    "firstName": "Tamika",
    "lastName": "Barlow",
    "birthdate": "1966-03-05"
  },
  {
    "firstName": "Pittman",
    "lastName": "Oneill",
    "birthdate": "1998-09-08"
  },
  {
    "firstName": "Mitchell",
    "lastName": "Spears",
    "birthdate": "1970-04-30"
  },
  {
    "firstName": "Carney",
    "lastName": "Larsen",
    "birthdate": "2002-09-25"
  },
  {
    "firstName": "Ashley",
    "lastName": "Cohen",
    "birthdate": "1966-06-18"
  },
  {
    "firstName": "Summer",
    "lastName": "Joseph",
    "birthdate": "1966-01-02"
  },
  {
    "firstName": "Daniels",
    "lastName": "Marks",
    "birthdate": "1990-11-04"
  },
  {
    "firstName": "Mary",
    "lastName": "Dale",
    "birthdate": "2017-06-18"
  },
  {
    "firstName": "Holly",
    "lastName": "Rodriguez",
    "birthdate": "1984-01-16"
  },
  {
    "firstName": "Flynn",
    "lastName": "Abbott",
    "birthdate": "1982-10-04"
  },
  {
    "firstName": "Smith",
    "lastName": "Ramos",
    "birthdate": "1965-08-16"
  },
  {
    "firstName": "Melody",
    "lastName": "Buckner",
    "birthdate": "1981-01-27"
  },
  {
    "firstName": "Chambers",
    "lastName": "Schneider",
    "birthdate": "1975-12-25"
  },
  {
    "firstName": "Nola",
    "lastName": "Hurst",
    "birthdate": "2014-05-29"
  },
  {
    "firstName": "Patti",
    "lastName": "Luna",
    "birthdate": "1952-02-09"
  },
  {
    "firstName": "Bowman",
    "lastName": "Elliott",
    "birthdate": "2001-01-27"
  },
  {
    "firstName": "Sasha",
    "lastName": "Harmon",
    "birthdate": "1989-12-04"
  },
  {
    "firstName": "Church",
    "lastName": "Haley",
    "birthdate": "1970-07-09"
  },
  {
    "firstName": "Lawson",
    "lastName": "Farley",
    "birthdate": "1964-03-02"
  },
  {
    "firstName": "Lucile",
    "lastName": "Hardy",
    "birthdate": "1961-09-22"
  },
  {
    "firstName": "Frye",
    "lastName": "Bush",
    "birthdate": "2019-11-09"
  },
  {
    "firstName": "Love",
    "lastName": "Mclaughlin",
    "birthdate": "1995-01-16"
  },
  {
    "firstName": "Wiley",
    "lastName": "Townsend",
    "birthdate": "1971-07-20"
  },
  {
    "firstName": "Mai",
    "lastName": "Callahan",
    "birthdate": "1952-02-08"
  },
  {
    "firstName": "Goodwin",
    "lastName": "Lindsey",
    "birthdate": "2000-10-15"
  },
  {
    "firstName": "Robles",
    "lastName": "Travis",
    "birthdate": "1951-03-22"
  },
  {
    "firstName": "Tamara",
    "lastName": "Walters",
    "birthdate": "1977-06-22"
  },
  {
    "firstName": "Juliana",
    "lastName": "Eaton",
    "birthdate": "1991-08-16"
  },
  {
    "firstName": "Lopez",
    "lastName": "York",
    "birthdate": "1974-02-17"
  },
  {
    "firstName": "Jo",
    "lastName": "Brock",
    "birthdate": "1991-09-14"
  },
  {
    "firstName": "Wanda",
    "lastName": "Miles",
    "birthdate": "2014-07-09"
  },
  {
    "firstName": "Lora",
    "lastName": "Jones",
    "birthdate": "1974-07-13"
  },
  {
    "firstName": "Nikki",
    "lastName": "Park",
    "birthdate": "1955-12-25"
  },
  {
    "firstName": "Rivera",
    "lastName": "Booker",
    "birthdate": "1972-01-03"
  },
  {
    "firstName": "Ingram",
    "lastName": "Reid",
    "birthdate": "1985-02-27"
  },
  {
    "firstName": "Mckenzie",
    "lastName": "Russell",
    "birthdate": "2000-08-03"
  },
  {
    "firstName": "Dean",
    "lastName": "Sharp",
    "birthdate": "2012-05-20"
  },
  {
    "firstName": "Frankie",
    "lastName": "Pittman",
    "birthdate": "1972-05-27"
  },
  {
    "firstName": "Candy",
    "lastName": "Medina",
    "birthdate": "1968-02-06"
  },
  {
    "firstName": "Randolph",
    "lastName": "Castillo",
    "birthdate": "1958-08-08"
  },
  {
    "firstName": "Marquez",
    "lastName": "Espinoza",
    "birthdate": "2022-12-04"
  },
  {
    "firstName": "Myrtle",
    "lastName": "Conner",
    "birthdate": "2021-03-06"
  },
  {
    "firstName": "Bridges",
    "lastName": "Phillips",
    "birthdate": "2014-03-01"
  },
  {
    "firstName": "Aguilar",
    "lastName": "Alford",
    "birthdate": "1959-06-05"
  },
  {
    "firstName": "Ward",
    "lastName": "Heath",
    "birthdate": "1969-05-30"
  },
  {
    "firstName": "Marshall",
    "lastName": "Calhoun",
    "birthdate": "1980-06-17"
  },
  {
    "firstName": "Dotson",
    "lastName": "Cruz",
    "birthdate": "2004-03-18"
  },
  {
    "firstName": "Huff",
    "lastName": "Evans",
    "birthdate": "2007-10-21"
  },
  {
    "firstName": "Wells",
    "lastName": "Mooney",
    "birthdate": "2002-01-10"
  },
  {
    "firstName": "Matilda",
    "lastName": "Saunders",
    "birthdate": "1978-10-03"
  },
  {
    "firstName": "Vega",
    "lastName": "Leonard",
    "birthdate": "2004-09-24"
  },
  {
    "firstName": "Guadalupe",
    "lastName": "Sutton",
    "birthdate": "1957-08-13"
  },
  {
    "firstName": "Jean",
    "lastName": "Serrano",
    "birthdate": "1981-10-16"
  },
  {
    "firstName": "Caroline",
    "lastName": "Velasquez",
    "birthdate": "1957-10-19"
  },
  {
    "firstName": "Blair",
    "lastName": "Crosby",
    "birthdate": "1989-06-14"
  },
  {
    "firstName": "Moody",
    "lastName": "Jenkins",
    "birthdate": "1971-06-29"
  },
  {
    "firstName": "Vilma",
    "lastName": "Todd",
    "birthdate": "1989-12-07"
  },
  {
    "firstName": "Wood",
    "lastName": "Ingram",
    "birthdate": "1964-01-16"
  },
  {
    "firstName": "Campbell",
    "lastName": "Foreman",
    "birthdate": "1976-01-17"
  },
  {
    "firstName": "Bullock",
    "lastName": "Blair",
    "birthdate": "1964-03-02"
  },
  {
    "firstName": "Lourdes",
    "lastName": "Sanchez",
    "birthdate": "1986-03-09"
  },
  {
    "firstName": "Ashlee",
    "lastName": "Gordon",
    "birthdate": "1977-07-03"
  },
  {
    "firstName": "Ramona",
    "lastName": "Wolfe",
    "birthdate": "1956-09-30"
  },
  {
    "firstName": "Anna",
    "lastName": "Vasquez",
    "birthdate": "2015-09-15"
  },
  {
    "firstName": "Queen",
    "lastName": "Fletcher",
    "birthdate": "1984-06-21"
  },
  {
    "firstName": "Mccoy",
    "lastName": "Hudson",
    "birthdate": "2020-01-27"
  },
  {
    "firstName": "Rosalyn",
    "lastName": "Koch",
    "birthdate": "1962-04-21"
  },
  {
    "firstName": "Reed",
    "lastName": "Adams",
    "birthdate": "1975-11-27"
  },
  {
    "firstName": "Kristine",
    "lastName": "Mckenzie",
    "birthdate": "2014-05-28"
  },
  {
    "firstName": "Phoebe",
    "lastName": "Good",
    "birthdate": "1961-12-04"
  },
  {
    "firstName": "Alba",
    "lastName": "Robbins",
    "birthdate": "1963-09-20"
  },
  {
    "firstName": "Janice",
    "lastName": "Ellis",
    "birthdate": "2009-12-28"
  },
  {
    "firstName": "Cook",
    "lastName": "Ruiz",
    "birthdate": "2014-10-03"
  },
  {
    "firstName": "Bauer",
    "lastName": "Cooke",
    "birthdate": "1954-12-23"
  },
  {
    "firstName": "Workman",
    "lastName": "Hopkins",
    "birthdate": "1988-06-12"
  },
  {
    "firstName": "Barlow",
    "lastName": "Delgado",
    "birthdate": "2001-11-09"
  },
  {
    "firstName": "Amy",
    "lastName": "Richmond",
    "birthdate": "2008-02-26"
  },
  {
    "firstName": "Cleo",
    "lastName": "Norris",
    "birthdate": "1966-07-14"
  },
  {
    "firstName": "Rosalie",
    "lastName": "Rodriquez",
    "birthdate": "1960-01-30"
  },
  {
    "firstName": "Rodgers",
    "lastName": "Beasley",
    "birthdate": "1996-06-11"
  },
  {
    "firstName": "Nell",
    "lastName": "Grimes",
    "birthdate": "2020-10-23"
  },
  {
    "firstName": "Reeves",
    "lastName": "Bullock",
    "birthdate": "1984-04-01"
  },
  {
    "firstName": "Juarez",
    "lastName": "Wilson",
    "birthdate": "1971-01-01"
  },
  {
    "firstName": "Terrell",
    "lastName": "Delaney",
    "birthdate": "2019-01-12"
  },
  {
    "firstName": "Benita",
    "lastName": "Williamson",
    "birthdate": "1973-10-15"
  },
  {
    "firstName": "Bryan",
    "lastName": "Hodges",
    "birthdate": "1988-08-06"
  },
  {
    "firstName": "Bell",
    "lastName": "Dunlap",
    "birthdate": "2006-08-13"
  },
  {
    "firstName": "Erickson",
    "lastName": "Livingston",
    "birthdate": "1983-06-05"
  },
  {
    "firstName": "Tommie",
    "lastName": "Cook",
    "birthdate": "1964-11-29"
  },
  {
    "firstName": "Cecilia",
    "lastName": "Hamilton",
    "birthdate": "2009-01-03"
  },
  {
    "firstName": "Iris",
    "lastName": "Russo",
    "birthdate": "2022-01-02"
  },
  {
    "firstName": "Houston",
    "lastName": "Gamble",
    "birthdate": "1965-12-28"
  },
  {
    "firstName": "Cortez",
    "lastName": "Mccormick",
    "birthdate": "2002-09-19"
  },
  {
    "firstName": "Dominguez",
    "lastName": "Graham",
    "birthdate": "1978-06-03"
  },
  {
    "firstName": "Shields",
    "lastName": "Duran",
    "birthdate": "1990-08-27"
  },
  {
    "firstName": "Shannon",
    "lastName": "Lewis",
    "birthdate": "1967-09-24"
  },
  {
    "firstName": "Teri",
    "lastName": "Yang",
    "birthdate": "2012-09-18"
  },
  {
    "firstName": "Carole",
    "lastName": "Moody",
    "birthdate": "1989-11-19"
  },
  {
    "firstName": "Janine",
    "lastName": "Sykes",
    "birthdate": "2023-05-29"
  },
  {
    "firstName": "Carmella",
    "lastName": "Johnson",
    "birthdate": "1977-12-04"
  },
  {
    "firstName": "Emma",
    "lastName": "Sawyer",
    "birthdate": "1987-05-09"
  },
  {
    "firstName": "Greene",
    "lastName": "Coleman",
    "birthdate": "1999-06-17"
  },
  {
    "firstName": "Sloan",
    "lastName": "Brady",
    "birthdate": "1963-10-05"
  },
  {
    "firstName": "Delacruz",
    "lastName": "William",
    "birthdate": "2005-02-27"
  },
  {
    "firstName": "Vonda",
    "lastName": "Hewitt",
    "birthdate": "2009-01-19"
  },
  {
    "firstName": "Jerry",
    "lastName": "Adkins",
    "birthdate": "1970-10-19"
  },
  {
    "firstName": "Misty",
    "lastName": "Hutchinson",
    "birthdate": "2009-01-06"
  },
  {
    "firstName": "Sanders",
    "lastName": "Swanson",
    "birthdate": "1967-06-24"
  },
  {
    "firstName": "Louisa",
    "lastName": "Mccarty",
    "birthdate": "1986-03-18"
  },
  {
    "firstName": "Gonzalez",
    "lastName": "Battle",
    "birthdate": "2018-12-01"
  },
  {
    "firstName": "Jaime",
    "lastName": "Montoya",
    "birthdate": "1985-01-19"
  },
  {
    "firstName": "Janet",
    "lastName": "Wright",
    "birthdate": "2003-11-08"
  },
  {
    "firstName": "Krista",
    "lastName": "Burnett",
    "birthdate": "1961-04-29"
  },
  {
    "firstName": "Hopper",
    "lastName": "Decker",
    "birthdate": "1988-12-08"
  },
  {
    "firstName": "Spencer",
    "lastName": "Bridges",
    "birthdate": "2005-09-14"
  },
  {
    "firstName": "Rhonda",
    "lastName": "Daniel",
    "birthdate": "1958-12-18"
  },
  {
    "firstName": "Johns",
    "lastName": "Ayers",
    "birthdate": "1951-01-28"
  },
  {
    "firstName": "Hayden",
    "lastName": "Lowery",
    "birthdate": "1956-01-31"
  },
  {
    "firstName": "Harrison",
    "lastName": "Roth",
    "birthdate": "1975-04-16"
  },
  {
    "firstName": "Frank",
    "lastName": "Newman",
    "birthdate": "1951-01-20"
  },
  {
    "firstName": "Jordan",
    "lastName": "Hampton",
    "birthdate": "1967-07-06"
  },
  {
    "firstName": "Mcconnell",
    "lastName": "Bowers",
    "birthdate": "2002-09-11"
  },
  {
    "firstName": "Irma",
    "lastName": "Craig",
    "birthdate": "1980-10-14"
  },
  {
    "firstName": "Earline",
    "lastName": "Boyle",
    "birthdate": "1950-07-11"
  },
  {
    "firstName": "Craig",
    "lastName": "Hahn",
    "birthdate": "2022-11-22"
  },
  {
    "firstName": "Rhoda",
    "lastName": "Porter",
    "birthdate": "1981-07-03"
  },
  {
    "firstName": "Warner",
    "lastName": "Rios",
    "birthdate": "1994-11-03"
  },
  {
    "firstName": "Margo",
    "lastName": "Joyce",
    "birthdate": "1959-11-09"
  },
  {
    "firstName": "Jacquelyn",
    "lastName": "Blankenship",
    "birthdate": "1990-12-08"
  },
  {
    "firstName": "Pansy",
    "lastName": "Hogan",
    "birthdate": "1981-11-27"
  },
  {
    "firstName": "Whitehead",
    "lastName": "Stevenson",
    "birthdate": "1953-06-06"
  },
  {
    "firstName": "Bonnie",
    "lastName": "Spence",
    "birthdate": "2003-01-25"
  },
  {
    "firstName": "Mercer",
    "lastName": "Irwin",
    "birthdate": "1958-03-13"
  },
  {
    "firstName": "Carr",
    "lastName": "Gonzales",
    "birthdate": "2011-01-05"
  },
  {
    "firstName": "Richmond",
    "lastName": "Buchanan",
    "birthdate": "2019-12-25"
  },
  {
    "firstName": "Cannon",
    "lastName": "Britt",
    "birthdate": "1960-12-28"
  },
  {
    "firstName": "Marcia",
    "lastName": "Lyons",
    "birthdate": "1996-10-23"
  },
  {
    "firstName": "Sosa",
    "lastName": "Owen",
    "birthdate": "1969-03-19"
  },
  {
    "firstName": "Pickett",
    "lastName": "Macias",
    "birthdate": "1986-08-30"
  },
  {
    "firstName": "Pearlie",
    "lastName": "Mcdaniel",
    "birthdate": "2020-08-24"
  },
  {
    "firstName": "Powell",
    "lastName": "Cameron",
    "birthdate": "1987-11-22"
  },
  {
    "firstName": "Wilkins",
    "lastName": "Logan",
    "birthdate": "2009-12-15"
  },
  {
    "firstName": "Carmela",
    "lastName": "Andrews",
    "birthdate": "1950-02-23"
  },
  {
    "firstName": "Acevedo",
    "lastName": "Brennan",
    "birthdate": "1995-02-08"
  },
  {
    "firstName": "Marla",
    "lastName": "Gilliam",
    "birthdate": "1979-04-20"
  },
  {
    "firstName": "Beulah",
    "lastName": "Dotson",
    "birthdate": "1981-01-11"
  },
  {
    "firstName": "Maritza",
    "lastName": "Maynard",
    "birthdate": "1980-11-27"
  },
  {
    "firstName": "Norris",
    "lastName": "Morrison",
    "birthdate": "1997-10-01"
  },
  {
    "firstName": "Dillon",
    "lastName": "Barber",
    "birthdate": "1975-12-20"
  },
  {
    "firstName": "Dickerson",
    "lastName": "Munoz",
    "birthdate": "2005-11-13"
  },
  {
    "firstName": "Etta",
    "lastName": "Sanford",
    "birthdate": "1997-06-18"
  },
  {
    "firstName": "Curtis",
    "lastName": "Conrad",
    "birthdate": "2014-12-16"
  },
  {
    "firstName": "Ballard",
    "lastName": "Pugh",
    "birthdate": "1967-12-29"
  },
  {
    "firstName": "Serrano",
    "lastName": "Quinn",
    "birthdate": "1990-06-01"
  },
  {
    "firstName": "Paula",
    "lastName": "Ray",
    "birthdate": "1957-11-23"
  },
  {
    "firstName": "Barr",
    "lastName": "Cannon",
    "birthdate": "1980-03-29"
  },
  {
    "firstName": "Naomi",
    "lastName": "Douglas",
    "birthdate": "1986-05-23"
  },
  {
    "firstName": "Foley",
    "lastName": "Vang",
    "birthdate": "2000-01-20"
  },
  {
    "firstName": "Randall",
    "lastName": "Melendez",
    "birthdate": "1981-02-04"
  },
  {
    "firstName": "Livingston",
    "lastName": "Beck",
    "birthdate": "2003-10-30"
  },
  {
    "firstName": "Jacobson",
    "lastName": "Deleon",
    "birthdate": "1958-01-15"
  },
  {
    "firstName": "Hester",
    "lastName": "Franklin",
    "birthdate": "2015-02-26"
  },
  {
    "firstName": "Ann",
    "lastName": "Shaffer",
    "birthdate": "1950-01-29"
  },
  {
    "firstName": "Francis",
    "lastName": "Cross",
    "birthdate": "1963-08-13"
  },
  {
    "firstName": "Osborn",
    "lastName": "Dominguez",
    "birthdate": "1989-10-21"
  },
  {
    "firstName": "Oneil",
    "lastName": "Carter",
    "birthdate": "1969-11-04"
  },
  {
    "firstName": "Eileen",
    "lastName": "Brooks",
    "birthdate": "2016-01-13"
  },
  {
    "firstName": "Burch",
    "lastName": "West",
    "birthdate": "1953-01-06"
  },
  {
    "firstName": "Richard",
    "lastName": "Lawrence",
    "birthdate": "1953-12-01"
  },
  {
    "firstName": "Daugherty",
    "lastName": "Kramer",
    "birthdate": "2007-03-29"
  },
  {
    "firstName": "Doyle",
    "lastName": "Johns",
    "birthdate": "1967-01-29"
  },
  {
    "firstName": "Durham",
    "lastName": "Craft",
    "birthdate": "2002-03-18"
  },
  {
    "firstName": "Corine",
    "lastName": "Mckee",
    "birthdate": "2006-07-20"
  },
  {
    "firstName": "Anthony",
    "lastName": "Walton",
    "birthdate": "1983-05-14"
  },
  {
    "firstName": "Thompson",
    "lastName": "Long",
    "birthdate": "1958-09-28"
  },
  {
    "firstName": "Olga",
    "lastName": "Watts",
    "birthdate": "2010-09-17"
  },
  {
    "firstName": "Cherry",
    "lastName": "Whitney",
    "birthdate": "1981-05-10"
  },
  {
    "firstName": "Shauna",
    "lastName": "English",
    "birthdate": "1999-01-21"
  },
  {
    "firstName": "Mason",
    "lastName": "Duncan",
    "birthdate": "2015-06-14"
  },
  {
    "firstName": "Della",
    "lastName": "Witt",
    "birthdate": "2012-06-21"
  },
  {
    "firstName": "Hawkins",
    "lastName": "Sellers",
    "birthdate": "2009-09-30"
  },
  {
    "firstName": "Shelton",
    "lastName": "Sheppard",
    "birthdate": "2013-12-19"
  },
  {
    "firstName": "Joyner",
    "lastName": "Carey",
    "birthdate": "1995-06-12"
  },
  {
    "firstName": "Adriana",
    "lastName": "Hopper",
    "birthdate": "1989-03-14"
  },
  {
    "firstName": "Chrystal",
    "lastName": "Finch",
    "birthdate": "1976-04-24"
  },
  {
    "firstName": "Therese",
    "lastName": "Leblanc",
    "birthdate": "1965-09-16"
  },
  {
    "firstName": "Michael",
    "lastName": "Nguyen",
    "birthdate": "1969-03-15"
  },
  {
    "firstName": "Castillo",
    "lastName": "Franco",
    "birthdate": "1975-08-15"
  },
  {
    "firstName": "Elvia",
    "lastName": "Henry",
    "birthdate": "2021-06-21"
  },
  {
    "firstName": "Morrison",
    "lastName": "Salas",
    "birthdate": "1972-02-01"
  },
  {
    "firstName": "Caitlin",
    "lastName": "Hayes",
    "birthdate": "1960-02-18"
  },
  {
    "firstName": "Diaz",
    "lastName": "Terrell",
    "birthdate": "1974-04-15"
  },
  {
    "firstName": "Valencia",
    "lastName": "Kemp",
    "birthdate": "1982-10-13"
  },
  {
    "firstName": "Polly",
    "lastName": "Cardenas",
    "birthdate": "2013-05-14"
  },
  {
    "firstName": "Diann",
    "lastName": "Marsh",
    "birthdate": "1960-06-23"
  },
  {
    "firstName": "Hughes",
    "lastName": "Carr",
    "birthdate": "1993-12-27"
  },
  {
    "firstName": "Hattie",
    "lastName": "Riley",
    "birthdate": "1974-07-13"
  },
  {
    "firstName": "Noemi",
    "lastName": "Hickman",
    "birthdate": "1959-04-10"
  },
  {
    "firstName": "Mosley",
    "lastName": "Arnold",
    "birthdate": "2005-11-17"
  },
  {
    "firstName": "Lillian",
    "lastName": "Robles",
    "birthdate": "1958-01-28"
  },
  {
    "firstName": "Brittney",
    "lastName": "Woodard",
    "birthdate": "2012-04-16"
  },
  {
    "firstName": "Dominique",
    "lastName": "Miller",
    "birthdate": "1959-08-25"
  },
  {
    "firstName": "Mccullough",
    "lastName": "Murphy",
    "birthdate": "2007-12-22"
  },
  {
    "firstName": "Shannon",
    "lastName": "Lucas",
    "birthdate": "1964-07-01"
  },
  {
    "firstName": "Blanca",
    "lastName": "Morris",
    "birthdate": "2014-07-03"
  },
  {
    "firstName": "Lina",
    "lastName": "Brewer",
    "birthdate": "1991-08-13"
  },
  {
    "firstName": "Beatriz",
    "lastName": "Watkins",
    "birthdate": "1968-02-09"
  },
  {
    "firstName": "Estela",
    "lastName": "Mclean",
    "birthdate": "2002-04-10"
  },
  {
    "firstName": "Watts",
    "lastName": "Jensen",
    "birthdate": "2012-12-08"
  },
  {
    "firstName": "Haynes",
    "lastName": "Sexton",
    "birthdate": "2017-11-19"
  },
  {
    "firstName": "Brady",
    "lastName": "Hart",
    "birthdate": "1973-06-23"
  },
  {
    "firstName": "Barker",
    "lastName": "Reese",
    "birthdate": "2004-02-08"
  },
  {
    "firstName": "Loretta",
    "lastName": "Randall",
    "birthdate": "1965-04-29"
  },
  {
    "firstName": "Zelma",
    "lastName": "Fitzgerald",
    "birthdate": "2008-08-01"
  },
  {
    "firstName": "Bianca",
    "lastName": "Figueroa",
    "birthdate": "1982-07-03"
  },
  {
    "firstName": "Castaneda",
    "lastName": "Oconnor",
    "birthdate": "1962-07-20"
  },
  {
    "firstName": "Dianne",
    "lastName": "Richard",
    "birthdate": "1990-07-30"
  },
  {
    "firstName": "Hebert",
    "lastName": "Crane",
    "birthdate": "1950-06-10"
  },
  {
    "firstName": "Sallie",
    "lastName": "Kidd",
    "birthdate": "1974-01-25"
  },
  {
    "firstName": "Hodge",
    "lastName": "Garrison",
    "birthdate": "1987-06-16"
  },
  {
    "firstName": "Antonia",
    "lastName": "Hays",
    "birthdate": "1969-03-26"
  },
  {
    "firstName": "Gray",
    "lastName": "Rosa",
    "birthdate": "2007-10-23"
  },
  {
    "firstName": "Sheri",
    "lastName": "Mcfadden",
    "birthdate": "1974-01-29"
  },
  {
    "firstName": "Valentine",
    "lastName": "Tyler",
    "birthdate": "1990-01-08"
  },
  {
    "firstName": "Tricia",
    "lastName": "Gill",
    "birthdate": "1968-09-24"
  },
  {
    "firstName": "Concepcion",
    "lastName": "Gallegos",
    "birthdate": "2023-05-13"
  },
  {
    "firstName": "Muriel",
    "lastName": "Warner",
    "birthdate": "1997-11-02"
  },
  {
    "firstName": "Alisha",
    "lastName": "Oneil",
    "birthdate": "2015-11-18"
  },
  {
    "firstName": "Farrell",
    "lastName": "Gonzalez",
    "birthdate": "1959-02-08"
  },
  {
    "firstName": "Waller",
    "lastName": "Olson",
    "birthdate": "1957-04-14"
  },
  {
    "firstName": "Kerr",
    "lastName": "Dixon",
    "birthdate": "1985-10-06"
  },
  {
    "firstName": "Willa",
    "lastName": "Castaneda",
    "birthdate": "1984-08-20"
  },
  {
    "firstName": "Maryellen",
    "lastName": "Roman",
    "birthdate": "2015-11-08"
  },
  {
    "firstName": "Rowland",
    "lastName": "Howe",
    "birthdate": "2016-11-18"
  },
  {
    "firstName": "Ratliff",
    "lastName": "Rose",
    "birthdate": "2011-09-14"
  },
  {
    "firstName": "Mia",
    "lastName": "Fox",
    "birthdate": "1986-05-03"
  },
  {
    "firstName": "Tanner",
    "lastName": "Mitchell",
    "birthdate": "1991-05-09"
  },
  {
    "firstName": "Annmarie",
    "lastName": "Wilkinson",
    "birthdate": "1968-08-15"
  },
  {
    "firstName": "Jewel",
    "lastName": "Pope",
    "birthdate": "1961-12-06"
  },
  {
    "firstName": "Jeanine",
    "lastName": "Oneal",
    "birthdate": "2022-05-16"
  },
  {
    "firstName": "Nelda",
    "lastName": "Pierce",
    "birthdate": "1992-06-16"
  },
  {
    "firstName": "Olivia",
    "lastName": "Talley",
    "birthdate": "1954-09-21"
  },
  {
    "firstName": "Edwards",
    "lastName": "Keith",
    "birthdate": "1981-03-19"
  },
  {
    "firstName": "Eddie",
    "lastName": "Dejesus",
    "birthdate": "1988-11-23"
  },
  {
    "firstName": "Colon",
    "lastName": "Goodwin",
    "birthdate": "1956-10-05"
  },
  {
    "firstName": "Wade",
    "lastName": "Shepard",
    "birthdate": "2017-02-02"
  },
  {
    "firstName": "Mcfarland",
    "lastName": "Ballard",
    "birthdate": "2016-03-15"
  },
  {
    "firstName": "Noreen",
    "lastName": "Vega",
    "birthdate": "1990-07-26"
  },
  {
    "firstName": "Franco",
    "lastName": "Wells",
    "birthdate": "1965-12-17"
  },
  {
    "firstName": "Carolina",
    "lastName": "Goodman",
    "birthdate": "1984-04-28"
  },
  {
    "firstName": "Luisa",
    "lastName": "Contreras",
    "birthdate": "2007-08-21"
  },
  {
    "firstName": "Britney",
    "lastName": "Sandoval",
    "birthdate": "1965-08-29"
  },
  {
    "firstName": "Rowena",
    "lastName": "Snyder",
    "birthdate": "2004-11-14"
  },
  {
    "firstName": "Chapman",
    "lastName": "Strickland",
    "birthdate": "1999-12-30"
  },
  {
    "firstName": "Keller",
    "lastName": "Lopez",
    "birthdate": "1954-11-29"
  },
  {
    "firstName": "Evelyn",
    "lastName": "Savage",
    "birthdate": "1980-06-15"
  },
  {
    "firstName": "Conley",
    "lastName": "Rosario",
    "birthdate": "1983-02-10"
  },
  {
    "firstName": "Clare",
    "lastName": "Carney",
    "birthdate": "1988-10-10"
  },
  {
    "firstName": "Erin",
    "lastName": "Lawson",
    "birthdate": "1982-06-30"
  },
  {
    "firstName": "Crystal",
    "lastName": "Holt",
    "birthdate": "1963-11-07"
  },
  {
    "firstName": "Leslie",
    "lastName": "Nolan",
    "birthdate": "1950-02-20"
  },
  {
    "firstName": "Sherman",
    "lastName": "Ashley",
    "birthdate": "1982-08-12"
  },
  {
    "firstName": "Alvarez",
    "lastName": "Clarke",
    "birthdate": "1953-04-01"
  },
  {
    "firstName": "Beck",
    "lastName": "Jimenez",
    "birthdate": "1970-03-24"
  },
  {
    "firstName": "Harvey",
    "lastName": "Burgess",
    "birthdate": "1957-05-29"
  },
  {
    "firstName": "Mckee",
    "lastName": "Summers",
    "birthdate": "1998-02-26"
  },
  {
    "firstName": "Darlene",
    "lastName": "Bryan",
    "birthdate": "1957-09-29"
  },
  {
    "firstName": "Stark",
    "lastName": "Rogers",
    "birthdate": "1963-02-18"
  },
  {
    "firstName": "Knapp",
    "lastName": "Ortega",
    "birthdate": "1956-08-28"
  },
  {
    "firstName": "Josie",
    "lastName": "Vaughn",
    "birthdate": "1968-10-24"
  },
  {
    "firstName": "Atkinson",
    "lastName": "Shields",
    "birthdate": "1992-01-17"
  },
  {
    "firstName": "Josefa",
    "lastName": "Griffin",
    "birthdate": "1994-06-11"
  },
  {
    "firstName": "Miriam",
    "lastName": "Scott",
    "birthdate": "2016-05-18"
  },
  {
    "firstName": "Gentry",
    "lastName": "Gibbs",
    "birthdate": "2022-01-11"
  },
  {
    "firstName": "Sawyer",
    "lastName": "Stafford",
    "birthdate": "1959-12-22"
  },
  {
    "firstName": "Cardenas",
    "lastName": "Lancaster",
    "birthdate": "1975-01-02"
  },
  {
    "firstName": "Hilda",
    "lastName": "Buckley",
    "birthdate": "1972-06-20"
  },
  {
    "firstName": "Velez",
    "lastName": "Armstrong",
    "birthdate": "1977-04-03"
  },
  {
    "firstName": "Sutton",
    "lastName": "Jarvis",
    "birthdate": "1995-03-15"
  },
  {
    "firstName": "Gill",
    "lastName": "Le",
    "birthdate": "1956-09-06"
  },
  {
    "firstName": "Adkins",
    "lastName": "Morales",
    "birthdate": "1972-09-13"
  },
  {
    "firstName": "Barnett",
    "lastName": "Cervantes",
    "birthdate": "1982-09-21"
  }
]