[
  {
    "user": {
      "id": 459
    },
    "movie": {
      "id": 34
    },
    "rating": 7
  },
  {
    "user": {
      "id": 873
    },
    "movie": {
      "id": 103
    },
    "rating": 5
  },
  {
    "user": {
      "id": 165
    },
    "movie": {
      "id": 24
    },
    "rating": 9
  },
  {
    "user": {
      "id": 621
    },
    "movie": {
      "id": 67
    },
    "rating": 2
  },
  {
    "user": {
      "id": 922
    },
    "movie": {
      "id": 40
    },
    "rating": 6
  },
  {
    "user": {
      "id": 771
    },
    "movie": {
      "id": 147
    },
    "rating": 3
  },
  {
    "user": {
      "id": 286
    },
    "movie": {
      "id": 60
    },
    "rating": 8
  },
  {
    "user": {
      "id": 951
    },
    "movie": {
      "id": 12
    },
    "rating": 4
  },
  {
    "user": {
      "id": 720
    },
    "movie": {
      "id": 6
    },
    "rating": 2
  },
  {
    "user": {
      "id": 83
    },
    "movie": {
      "id": 145
    },
    "rating": 9
  },
  {
    "user": {
      "id": 897
    },
    "movie": {
      "id": 62
    },
    "rating": 5
  },
  {
    "user": {
      "id": 785
    },
    "movie": {
      "id": 69
    },
    "rating": 2
  },
  {
    "user": {
      "id": 912
    },
    "movie": {
      "id": 63
    },
    "rating": 4
  },
  {
    "user": {
      "id": 689
    },
    "movie": {
      "id": 127
    },
    "rating": 7
  },
  {
    "user": {
      "id": 942
    },
    "movie": {
      "id": 55
    },
    "rating": 1
  },
  {
    "user": {
      "id": 311
    },
    "movie": {
      "id": 109
    },
    "rating": 6
  },
  {
    "user": {
      "id": 842
    },
    "movie": {
      "id": 148
    },
    "rating": 8
  },
  {
    "user": {
      "id": 703
    },
    "movie": {
      "id": 63
    },
    "rating": 2
  },
  {
    "user": {
      "id": 688
    },
    "movie": {
      "id": 122
    },
    "rating": 5
  },
  {
    "user": {
      "id": 365
    },
    "movie": {
      "id": 39
    },
    "rating": 9
  },
  {
    "user": {
      "id": 255
    },
    "movie": {
      "id": 38
    },
    "rating": 10
  },
  {
    "user": {
      "id": 778
    },
    "movie": {
      "id": 75
    },
    "rating": 2
  },
  {
    "user": {
      "id": 904
    },
    "movie": {
      "id": 17
    },
    "rating": 3
  },
  {
    "user": {
      "id": 88
    },
    "movie": {
      "id": 113
    },
    "rating": 8
  },
  {
    "user": {
      "id": 971
    },
    "movie": {
      "id": 36
    },
    "rating": 3
  },
  {
    "user": {
      "id": 289
    },
    "movie": {
      "id": 122
    },
    "rating": 1
  },
  {
    "user": {
      "id": 30
    },
    "movie": {
      "id": 69
    },
    "rating": 5
  },
  {
    "user": {
      "id": 712
    },
    "movie": {
      "id": 57
    },
    "rating": 7
  },
  {
    "user": {
      "id": 468
    },
    "movie": {
      "id": 144
    },
    "rating": 2
  },
  {
    "user": {
      "id": 446
    },
    "movie": {
      "id": 137
    },
    "rating": 4
  },
  {
    "user": {
      "id": 322
    },
    "movie": {
      "id": 102
    },
    "rating": 10
  },
  {
    "user": {
      "id": 106
    },
    "movie": {
      "id": 114
    },
    "rating": 1
  },
  {
    "user": {
      "id": 202
    },
    "movie": {
      "id": 8
    },
    "rating": 2
  },
  {
    "user": {
      "id": 74
    },
    "movie": {
      "id": 30
    },
    "rating": 8
  },
  {
    "user": {
      "id": 898
    },
    "movie": {
      "id": 80
    },
    "rating": 4
  },
  {
    "user": {
      "id": 190
    },
    "movie": {
      "id": 57
    },
    "rating": 7
  },
  {
    "user": {
      "id": 298
    },
    "movie": {
      "id": 57
    },
    "rating": 6
  },
  {
    "user": {
      "id": 216
    },
    "movie": {
      "id": 126
    },
    "rating": 2
  },
  {
    "user": {
      "id": 651
    },
    "movie": {
      "id": 1
    },
    "rating": 8
  },
  {
    "user": {
      "id": 544
    },
    "movie": {
      "id": 33
    },
    "rating": 6
  },
  {
    "user": {
      "id": 971
    },
    "movie": {
      "id": 128
    },
    "rating": 7
  },
  {
    "user": {
      "id": 177
    },
    "movie": {
      "id": 65
    },
    "rating": 6
  },
  {
    "user": {
      "id": 772
    },
    "movie": {
      "id": 17
    },
    "rating": 1
  },
  {
    "user": {
      "id": 73
    },
    "movie": {
      "id": 25
    },
    "rating": 10
  },
  {
    "user": {
      "id": 38
    },
    "movie": {
      "id": 30
    },
    "rating": 2
  },
  {
    "user": {
      "id": 612
    },
    "movie": {
      "id": 47
    },
    "rating": 1
  },
  {
    "user": {
      "id": 90
    },
    "movie": {
      "id": 74
    },
    "rating": 4
  },
  {
    "user": {
      "id": 50
    },
    "movie": {
      "id": 82
    },
    "rating": 9
  },
  {
    "user": {
      "id": 713
    },
    "movie": {
      "id": 117
    },
    "rating": 5
  },
  {
    "user": {
      "id": 550
    },
    "movie": {
      "id": 113
    },
    "rating": 4
  },
  {
    "user": {
      "id": 581
    },
    "movie": {
      "id": 3
    },
    "rating": 6
  },
  {
    "user": {
      "id": 394
    },
    "movie": {
      "id": 4
    },
    "rating": 2
  },
  {
    "user": {
      "id": 316
    },
    "movie": {
      "id": 14
    },
    "rating": 6
  },
  {
    "user": {
      "id": 977
    },
    "movie": {
      "id": 60
    },
    "rating": 5
  },
  {
    "user": {
      "id": 70
    },
    "movie": {
      "id": 46
    },
    "rating": 2
  },
  {
    "user": {
      "id": 229
    },
    "movie": {
      "id": 139
    },
    "rating": 5
  },
  {
    "user": {
      "id": 155
    },
    "movie": {
      "id": 96
    },
    "rating": 8
  },
  {
    "user": {
      "id": 341
    },
    "movie": {
      "id": 63
    },
    "rating": 6
  },
  {
    "user": {
      "id": 363
    },
    "movie": {
      "id": 32
    },
    "rating": 10
  },
  {
    "user": {
      "id": 20
    },
    "movie": {
      "id": 127
    },
    "rating": 7
  },
  {
    "user": {
      "id": 160
    },
    "movie": {
      "id": 54
    },
    "rating": 6
  },
  {
    "user": {
      "id": 612
    },
    "movie": {
      "id": 130
    },
    "rating": 4
  },
  {
    "user": {
      "id": 107
    },
    "movie": {
      "id": 44
    },
    "rating": 7
  },
  {
    "user": {
      "id": 522
    },
    "movie": {
      "id": 3
    },
    "rating": 5
  },
  {
    "user": {
      "id": 138
    },
    "movie": {
      "id": 7
    },
    "rating": 1
  },
  {
    "user": {
      "id": 10
    },
    "movie": {
      "id": 16
    },
    "rating": 7
  },
  {
    "user": {
      "id": 97
    },
    "movie": {
      "id": 8
    },
    "rating": 5
  },
  {
    "user": {
      "id": 853
    },
    "movie": {
      "id": 97
    },
    "rating": 1
  },
  {
    "user": {
      "id": 67
    },
    "movie": {
      "id": 38
    },
    "rating": 8
  },
  {
    "user": {
      "id": 46
    },
    "movie": {
      "id": 38
    },
    "rating": 7
  },
  {
    "user": {
      "id": 551
    },
    "movie": {
      "id": 17
    },
    "rating": 1
  },
  {
    "user": {
      "id": 463
    },
    "movie": {
      "id": 134
    },
    "rating": 4
  },
  {
    "user": {
      "id": 786
    },
    "movie": {
      "id": 127
    },
    "rating": 10
  },
  {
    "user": {
      "id": 889
    },
    "movie": {
      "id": 30
    },
    "rating": 5
  },
  {
    "user": {
      "id": 221
    },
    "movie": {
      "id": 107
    },
    "rating": 2
  },
  {
    "user": {
      "id": 104
    },
    "movie": {
      "id": 70
    },
    "rating": 9
  },
  {
    "user": {
      "id": 240
    },
    "movie": {
      "id": 72
    },
    "rating": 3
  },
  {
    "user": {
      "id": 531
    },
    "movie": {
      "id": 83
    },
    "rating": 6
  },
  {
    "user": {
      "id": 344
    },
    "movie": {
      "id": 117
    },
    "rating": 8
  },
  {
    "user": {
      "id": 312
    },
    "movie": {
      "id": 42
    },
    "rating": 3
  },
  {
    "user": {
      "id": 470
    },
    "movie": {
      "id": 1
    },
    "rating": 9
  },
  {
    "user": {
      "id": 84
    },
    "movie": {
      "id": 89
    },
    "rating": 5
  },
  {
    "user": {
      "id": 491
    },
    "movie": {
      "id": 18
    },
    "rating": 7
  },
  {
    "user": {
      "id": 474
    },
    "movie": {
      "id": 46
    },
    "rating": 10
  },
  {
    "user": {
      "id": 698
    },
    "movie": {
      "id": 116
    },
    "rating": 1
  },
  {
    "user": {
      "id": 424
    },
    "movie": {
      "id": 28
    },
    "rating": 9
  },
  {
    "user": {
      "id": 977
    },
    "movie": {
      "id": 42
    },
    "rating": 1
  },
  {
    "user": {
      "id": 35
    },
    "movie": {
      "id": 124
    },
    "rating": 10
  },
  {
    "user": {
      "id": 370
    },
    "movie": {
      "id": 53
    },
    "rating": 3
  },
  {
    "user": {
      "id": 54
    },
    "movie": {
      "id": 38
    },
    "rating": 8
  },
  {
    "user": {
      "id": 143
    },
    "movie": {
      "id": 17
    },
    "rating": 2
  },
  {
    "user": {
      "id": 220
    },
    "movie": {
      "id": 72
    },
    "rating": 6
  },
  {
    "user": {
      "id": 944
    },
    "movie": {
      "id": 38
    },
    "rating": 9
  },
  {
    "user": {
      "id": 158
    },
    "movie": {
      "id": 41
    },
    "rating": 6
  },
  {
    "user": {
      "id": 576
    },
    "movie": {
      "id": 41
    },
    "rating": 5
  },
  {
    "user": {
      "id": 552
    },
    "movie": {
      "id": 97
    },
    "rating": 1
  },
  {
    "user": {
      "id": 797
    },
    "movie": {
      "id": 77
    },
    "rating": 9
  },
  {
    "user": {
      "id": 253
    },
    "movie": {
      "id": 139
    },
    "rating": 6
  },
  {
    "user": {
      "id": 254
    },
    "movie": {
      "id": 35
    },
    "rating": 3
  },
  {
    "user": {
      "id": 178
    },
    "movie": {
      "id": 50
    },
    "rating": 8
  },
  {
    "user": {
      "id": 14
    },
    "movie": {
      "id": 25
    },
    "rating": 10
  },
  {
    "user": {
      "id": 274
    },
    "movie": {
      "id": 31
    },
    "rating": 7
  },
  {
    "user": {
      "id": 53
    },
    "movie": {
      "id": 13
    },
    "rating": 4
  },
  {
    "user": {
      "id": 384
    },
    "movie": {
      "id": 33
    },
    "rating": 1
  },
  {
    "user": {
      "id": 650
    },
    "movie": {
      "id": 30
    },
    "rating": 6
  },
  {
    "user": {
      "id": 178
    },
    "movie": {
      "id": 13
    },
    "rating": 8
  },
  {
    "user": {
      "id": 897
    },
    "movie": {
      "id": 5
    },
    "rating": 2
  },
  {
    "user": {
      "id": 392
    },
    "movie": {
      "id": 71
    },
    "rating": 9
  },
  {
    "user": {
      "id": 121
    },
    "movie": {
      "id": 83
    },
    "rating": 3
  },
  {
    "user": {
      "id": 528
    },
    "movie": {
      "id": 87
    },
    "rating": 9
  },
  {
    "user": {
      "id": 390
    },
    "movie": {
      "id": 113
    },
    "rating": 6
  },
  {
    "user": {
      "id": 667
    },
    "movie": {
      "id": 3
    },
    "rating": 5
  },
  {
    "user": {
      "id": 119
    },
    "movie": {
      "id": 71
    },
    "rating": 4
  },
  {
    "user": {
      "id": 222
    },
    "movie": {
      "id": 55
    },
    "rating": 8
  },
  {
    "user": {
      "id": 870
    },
    "movie": {
      "id": 16
    },
    "rating": 7
  },
  {
    "user": {
      "id": 960
    },
    "movie": {
      "id": 70
    },
    "rating": 3
  },
  {
    "user": {
      "id": 451
    },
    "movie": {
      "id": 89
    },
    "rating": 6
  },
  {
    "user": {
      "id": 451
    },
    "movie": {
      "id": 35
    },
    "rating": 10
  },
  {
    "user": {
      "id": 639
    },
    "movie": {
      "id": 53
    },
    "rating": 5
  },
  {
    "user": {
      "id": 203
    },
    "movie": {
      "id": 41
    },
    "rating": 10
  },
  {
    "user": {
      "id": 334
    },
    "movie": {
      "id": 98
    },
    "rating": 8
  },
  {
    "user": {
      "id": 916
    },
    "movie": {
      "id": 102
    },
    "rating": 1
  },
  {
    "user": {
      "id": 328
    },
    "movie": {
      "id": 25
    },
    "rating": 6
  },
  {
    "user": {
      "id": 341
    },
    "movie": {
      "id": 106
    },
    "rating": 7
  },
  {
    "user": {
      "id": 876
    },
    "movie": {
      "id": 10
    },
    "rating": 6
  },
  {
    "user": {
      "id": 367
    },
    "movie": {
      "id": 11
    },
    "rating": 3
  },
  {
    "user": {
      "id": 21
    },
    "movie": {
      "id": 6
    },
    "rating": 5
  },
  {
    "user": {
      "id": 153
    },
    "movie": {
      "id": 11
    },
    "rating": 7
  },
  {
    "user": {
      "id": 624
    },
    "movie": {
      "id": 132
    },
    "rating": 2
  },
  {
    "user": {
      "id": 265
    },
    "movie": {
      "id": 115
    },
    "rating": 4
  },
  {
    "user": {
      "id": 159
    },
    "movie": {
      "id": 93
    },
    "rating": 1
  },
  {
    "user": {
      "id": 500
    },
    "movie": {
      "id": 98
    },
    "rating": 9
  },
  {
    "user": {
      "id": 805
    },
    "movie": {
      "id": 11
    },
    "rating": 4
  },
  {
    "user": {
      "id": 799
    },
    "movie": {
      "id": 139
    },
    "rating": 8
  },
  {
    "user": {
      "id": 679
    },
    "movie": {
      "id": 17
    },
    "rating": 10
  },
  {
    "user": {
      "id": 853
    },
    "movie": {
      "id": 40
    },
    "rating": 1
  },
  {
    "user": {
      "id": 112
    },
    "movie": {
      "id": 71
    },
    "rating": 7
  },
  {
    "user": {
      "id": 180
    },
    "movie": {
      "id": 84
    },
    "rating": 3
  },
  {
    "user": {
      "id": 725
    },
    "movie": {
      "id": 95
    },
    "rating": 2
  },
  {
    "user": {
      "id": 296
    },
    "movie": {
      "id": 29
    },
    "rating": 1
  },
  {
    "user": {
      "id": 465
    },
    "movie": {
      "id": 18
    },
    "rating": 3
  },
  {
    "user": {
      "id": 242
    },
    "movie": {
      "id": 111
    },
    "rating": 4
  },
  {
    "user": {
      "id": 303
    },
    "movie": {
      "id": 54
    },
    "rating": 6
  },
  {
    "user": {
      "id": 556
    },
    "movie": {
      "id": 28
    },
    "rating": 9
  },
  {
    "user": {
      "id": 114
    },
    "movie": {
      "id": 130
    },
    "rating": 2
  },
  {
    "user": {
      "id": 216
    },
    "movie": {
      "id": 3
    },
    "rating": 4
  },
  {
    "user": {
      "id": 282
    },
    "movie": {
      "id": 77
    },
    "rating": 9
  },
  {
    "user": {
      "id": 599
    },
    "movie": {
      "id": 118
    },
    "rating": 1
  },
  {
    "user": {
      "id": 354
    },
    "movie": {
      "id": 105
    },
    "rating": 6
  },
  {
    "user": {
      "id": 558
    },
    "movie": {
      "id": 108
    },
    "rating": 10
  },
  {
    "user": {
      "id": 516
    },
    "movie": {
      "id": 62
    },
    "rating": 4
  },
  {
    "user": {
      "id": 504
    },
    "movie": {
      "id": 33
    },
    "rating": 7
  },
  {
    "user": {
      "id": 619
    },
    "movie": {
      "id": 105
    },
    "rating": 8
  },
  {
    "user": {
      "id": 23
    },
    "movie": {
      "id": 45
    },
    "rating": 6
  },
  {
    "user": {
      "id": 727
    },
    "movie": {
      "id": 112
    },
    "rating": 10
  },
  {
    "user": {
      "id": 190
    },
    "movie": {
      "id": 49
    },
    "rating": 1
  },
  {
    "user": {
      "id": 694
    },
    "movie": {
      "id": 39
    },
    "rating": 9
  },
  {
    "user": {
      "id": 132
    },
    "movie": {
      "id": 69
    },
    "rating": 8
  },
  {
    "user": {
      "id": 297
    },
    "movie": {
      "id": 84
    },
    "rating": 10
  },
  {
    "user": {
      "id": 234
    },
    "movie": {
      "id": 71
    },
    "rating": 2
  },
  {
    "user": {
      "id": 868
    },
    "movie": {
      "id": 43
    },
    "rating": 6
  },
  {
    "user": {
      "id": 988
    },
    "movie": {
      "id": 91
    },
    "rating": 3
  },
  {
    "user": {
      "id": 295
    },
    "movie": {
      "id": 75
    },
    "rating": 5
  },
  {
    "user": {
      "id": 882
    },
    "movie": {
      "id": 99
    },
    "rating": 4
  },
  {
    "user": {
      "id": 716
    },
    "movie": {
      "id": 76
    },
    "rating": 10
  },
  {
    "user": {
      "id": 724
    },
    "movie": {
      "id": 44
    },
    "rating": 7
  },
  {
    "user": {
      "id": 902
    },
    "movie": {
      "id": 105
    },
    "rating": 1
  },
  {
    "user": {
      "id": 399
    },
    "movie": {
      "id": 6
    },
    "rating": 7
  },
  {
    "user": {
      "id": 125
    },
    "movie": {
      "id": 80
    },
    "rating": 5
  },
  {
    "user": {
      "id": 674
    },
    "movie": {
      "id": 97
    },
    "rating": 2
  },
  {
    "user": {
      "id": 780
    },
    "movie": {
      "id": 32
    },
    "rating": 3
  },
  {
    "user": {
      "id": 13
    },
    "movie": {
      "id": 26
    },
    "rating": 6
  },
  {
    "user": {
      "id": 252
    },
    "movie": {
      "id": 55
    },
    "rating": 10
  },
  {
    "user": {
      "id": 974
    },
    "movie": {
      "id": 114
    },
    "rating": 7
  },
  {
    "user": {
      "id": 104
    },
    "movie": {
      "id": 42
    },
    "rating": 9
  },
  {
    "user": {
      "id": 506
    },
    "movie": {
      "id": 120
    },
    "rating": 8
  },
  {
    "user": {
      "id": 630
    },
    "movie": {
      "id": 78
    },
    "rating": 10
  },
  {
    "user": {
      "id": 58
    },
    "movie": {
      "id": 51
    },
    "rating": 3
  },
  {
    "user": {
      "id": 46
    },
    "movie": {
      "id": 81
    },
    "rating": 4
  },
  {
    "user": {
      "id": 225
    },
    "movie": {
      "id": 35
    },
    "rating": 1
  },
  {
    "user": {
      "id": 646
    },
    "movie": {
      "id": 21
    },
    "rating": 7
  },
  {
    "user": {
      "id": 225
    },
    "movie": {
      "id": 13
    },
    "rating": 3
  },
  {
    "user": {
      "id": 223
    },
    "movie": {
      "id": 38
    },
    "rating": 7
  },
  {
    "user": {
      "id": 246
    },
    "movie": {
      "id": 51
    },
    "rating": 1
  },
  {
    "user": {
      "id": 970
    },
    "movie": {
      "id": 78
    },
    "rating": 8
  },
  {
    "user": {
      "id": 70
    },
    "movie": {
      "id": 79
    },
    "rating": 7
  },
  {
    "user": {
      "id": 739
    },
    "movie": {
      "id": 49
    },
    "rating": 10
  },
  {
    "user": {
      "id": 534
    },
    "movie": {
      "id": 92
    },
    "rating": 3
  },
  {
    "user": {
      "id": 485
    },
    "movie": {
      "id": 42
    },
    "rating": 9
  },
  {
    "user": {
      "id": 563
    },
    "movie": {
      "id": 57
    },
    "rating": 4
  },
  {
    "user": {
      "id": 117
    },
    "movie": {
      "id": 18
    },
    "rating": 6
  },
  {
    "user": {
      "id": 362
    },
    "movie": {
      "id": 55
    },
    "rating": 5
  },
  {
    "user": {
      "id": 746
    },
    "movie": {
      "id": 45
    },
    "rating": 1
  },
  {
    "user": {
      "id": 974
    },
    "movie": {
      "id": 29
    },
    "rating": 3
  },
  {
    "user": {
      "id": 263
    },
    "movie": {
      "id": 53
    },
    "rating": 8
  },
  {
    "user": {
      "id": 971
    },
    "movie": {
      "id": 128
    },
    "rating": 6
  },
  {
    "user": {
      "id": 498
    },
    "movie": {
      "id": 85
    },
    "rating": 9
  },
  {
    "user": {
      "id": 150
    },
    "movie": {
      "id": 85
    },
    "rating": 2
  },
  {
    "user": {
      "id": 53
    },
    "movie": {
      "id": 14
    },
    "rating": 1
  },
  {
    "user": {
      "id": 736
    },
    "movie": {
      "id": 48
    },
    "rating": 6
  },
  {
    "user": {
      "id": 437
    },
    "movie": {
      "id": 132
    },
    "rating": 10
  },
  {
    "user": {
      "id": 287
    },
    "movie": {
      "id": 55
    },
    "rating": 9
  },
  {
    "user": {
      "id": 182
    },
    "movie": {
      "id": 111
    },
    "rating": 5
  },
  {
    "user": {
      "id": 657
    },
    "movie": {
      "id": 102
    },
    "rating": 2
  },
  {
    "user": {
      "id": 378
    },
    "movie": {
      "id": 88
    },
    "rating": 10
  },
  {
    "user": {
      "id": 778
    },
    "movie": {
      "id": 92
    },
    "rating": 8
  },
  {
    "user": {
      "id": 920
    },
    "movie": {
      "id": 89
    },
    "rating": 9
  },
  {
    "user": {
      "id": 721
    },
    "movie": {
      "id": 3
    },
    "rating": 8
  },
  {
    "user": {
      "id": 633
    },
    "movie": {
      "id": 16
    },
    "rating": 4
  },
  {
    "user": {
      "id": 444
    },
    "movie": {
      "id": 124
    },
    "rating": 8
  },
  {
    "user": {
      "id": 540
    },
    "movie": {
      "id": 47
    },
    "rating": 7
  },
  {
    "user": {
      "id": 100
    },
    "movie": {
      "id": 71
    },
    "rating": 6
  },
  {
    "user": {
      "id": 956
    },
    "movie": {
      "id": 9
    },
    "rating": 7
  },
  {
    "user": {
      "id": 532
    },
    "movie": {
      "id": 72
    },
    "rating": 6
  },
  {
    "user": {
      "id": 85
    },
    "movie": {
      "id": 114
    },
    "rating": 4
  },
  {
    "user": {
      "id": 732
    },
    "movie": {
      "id": 44
    },
    "rating": 10
  },
  {
    "user": {
      "id": 67
    },
    "movie": {
      "id": 73
    },
    "rating": 8
  },
  {
    "user": {
      "id": 119
    },
    "movie": {
      "id": 56
    },
    "rating": 9
  },
  {
    "user": {
      "id": 264
    },
    "movie": {
      "id": 8
    },
    "rating": 7
  },
  {
    "user": {
      "id": 168
    },
    "movie": {
      "id": 39
    },
    "rating": 10
  },
  {
    "user": {
      "id": 434
    },
    "movie": {
      "id": 30
    },
    "rating": 5
  },
  {
    "user": {
      "id": 489
    },
    "movie": {
      "id": 42
    },
    "rating": 2
  },
  {
    "user": {
      "id": 412
    },
    "movie": {
      "id": 129
    },
    "rating": 4
  },
  {
    "user": {
      "id": 187
    },
    "movie": {
      "id": 13
    },
    "rating": 6
  },
  {
    "user": {
      "id": 453
    },
    "movie": {
      "id": 19
    },
    "rating": 8
  },
  {
    "user": {
      "id": 473
    },
    "movie": {
      "id": 5
    },
    "rating": 4
  },
  {
    "user": {
      "id": 25
    },
    "movie": {
      "id": 109
    },
    "rating": 5
  },
  {
    "user": {
      "id": 700
    },
    "movie": {
      "id": 11
    },
    "rating": 2
  },
  {
    "user": {
      "id": 721
    },
    "movie": {
      "id": 55
    },
    "rating": 9
  },
  {
    "user": {
      "id": 67
    },
    "movie": {
      "id": 17
    },
    "rating": 6
  },
  {
    "user": {
      "id": 368
    },
    "movie": {
      "id": 15
    },
    "rating": 5
  },
  {
    "user": {
      "id": 845
    },
    "movie": {
      "id": 23
    },
    "rating": 10
  },
  {
    "user": {
      "id": 59
    },
    "movie": {
      "id": 1
    },
    "rating": 9
  },
  {
    "user": {
      "id": 471
    },
    "movie": {
      "id": 15
    },
    "rating": 8
  },
  {
    "user": {
      "id": 45
    },
    "movie": {
      "id": 84
    },
    "rating": 6
  },
  {
    "user": {
      "id": 696
    },
    "movie": {
      "id": 56
    },
    "rating": 2
  },
  {
    "user": {
      "id": 485
    },
    "movie": {
      "id": 38
    },
    "rating": 9
  },
  {
    "user": {
      "id": 661
    },
    "movie": {
      "id": 85
    },
    "rating": 1
  },
  {
    "user": {
      "id": 3
    },
    "movie": {
      "id": 46
    },
    "rating": 7
  },
  {
    "user": {
      "id": 932
    },
    "movie": {
      "id": 64
    },
    "rating": 10
  },
  {
    "user": {
      "id": 438
    },
    "movie": {
      "id": 64
    },
    "rating": 8
  },
  {
    "user": {
      "id": 533
    },
    "movie": {
      "id": 125
    },
    "rating": 6
  },
  {
    "user": {
      "id": 828
    },
    "movie": {
      "id": 43
    },
    "rating": 9
  },
  {
    "user": {
      "id": 62
    },
    "movie": {
      "id": 80
    },
    "rating": 6
  },
  {
    "user": {
      "id": 480
    },
    "movie": {
      "id": 111
    },
    "rating": 3
  },
  {
    "user": {
      "id": 618
    },
    "movie": {
      "id": 102
    },
    "rating": 5
  },
  {
    "user": {
      "id": 329
    },
    "movie": {
      "id": 44
    },
    "rating": 8
  },
  {
    "user": {
      "id": 437
    },
    "movie": {
      "id": 129
    },
    "rating": 2
  },
  {
    "user": {
      "id": 628
    },
    "movie": {
      "id": 50
    },
    "rating": 8
  },
  {
    "user": {
      "id": 661
    },
    "movie": {
      "id": 3
    },
    "rating": 9
  },
  {
    "user": {
      "id": 804
    },
    "movie": {
      "id": 70
    },
    "rating": 4
  },
  {
    "user": {
      "id": 778
    },
    "movie": {
      "id": 10
    },
    "rating": 2
  },
  {
    "user": {
      "id": 816
    },
    "movie": {
      "id": 21
    },
    "rating": 8
  },
  {
    "user": {
      "id": 378
    },
    "movie": {
      "id": 93
    },
    "rating": 6
  },
  {
    "user": {
      "id": 825
    },
    "movie": {
      "id": 50
    },
    "rating": 5
  },
  {
    "user": {
      "id": 67
    },
    "movie": {
      "id": 47
    },
    "rating": 1
  },
  {
    "user": {
      "id": 697
    },
    "movie": {
      "id": 13
    },
    "rating": 5
  },
  {
    "user": {
      "id": 242
    },
    "movie": {
      "id": 63
    },
    "rating": 9
  },
  {
    "user": {
      "id": 440
    },
    "movie": {
      "id": 55
    },
    "rating": 9
  },
  {
    "user": {
      "id": 751
    },
    "movie": {
      "id": 99
    },
    "rating": 10
  },
  {
    "user": {
      "id": 779
    },
    "movie": {
      "id": 85
    },
    "rating": 9
  },
  {
    "user": {
      "id": 420
    },
    "movie": {
      "id": 41
    },
    "rating": 6
  },
  {
    "user": {
      "id": 30
    },
    "movie": {
      "id": 84
    },
    "rating": 5
  },
  {
    "user": {
      "id": 771
    },
    "movie": {
      "id": 85
    },
    "rating": 4
  },
  {
    "user": {
      "id": 416
    },
    "movie": {
      "id": 40
    },
    "rating": 6
  },
  {
    "user": {
      "id": 912
    },
    "movie": {
      "id": 51
    },
    "rating": 6
  },
  {
    "user": {
      "id": 666
    },
    "movie": {
      "id": 46
    },
    "rating": 5
  },
  {
    "user": {
      "id": 25
    },
    "movie": {
      "id": 7
    },
    "rating": 9
  },
  {
    "user": {
      "id": 682
    },
    "movie": {
      "id": 5
    },
    "rating": 6
  },
  {
    "user": {
      "id": 238
    },
    "movie": {
      "id": 49
    },
    "rating": 8
  },
  {
    "user": {
      "id": 625
    },
    "movie": {
      "id": 13
    },
    "rating": 8
  },
  {
    "user": {
      "id": 447
    },
    "movie": {
      "id": 89
    },
    "rating": 5
  },
  {
    "user": {
      "id": 708
    },
    "movie": {
      "id": 46
    },
    "rating": 9
  },
  {
    "user": {
      "id": 754
    },
    "movie": {
      "id": 9
    },
    "rating": 7
  },
  {
    "user": {
      "id": 10
    },
    "movie": {
      "id": 108
    },
    "rating": 3
  },
  {
    "user": {
      "id": 635
    },
    "movie": {
      "id": 93
    },
    "rating": 6
  },
  {
    "user": {
      "id": 881
    },
    "movie": {
      "id": 109
    },
    "rating": 4
  },
  {
    "user": {
      "id": 289
    },
    "movie": {
      "id": 108
    },
    "rating": 8
  },
  {
    "user": {
      "id": 4
    },
    "movie": {
      "id": 105
    },
    "rating": 7
  },
  {
    "user": {
      "id": 126
    },
    "movie": {
      "id": 3
    },
    "rating": 5
  },
  {
    "user": {
      "id": 682
    },
    "movie": {
      "id": 69
    },
    "rating": 10
  },
  {
    "user": {
      "id": 13
    },
    "movie": {
      "id": 45
    },
    "rating": 6
  },
  {
    "user": {
      "id": 286
    },
    "movie": {
      "id": 56
    },
    "rating": 10
  },
  {
    "user": {
      "id": 880
    },
    "movie": {
      "id": 8
    },
    "rating": 6
  },
  {
    "user": {
      "id": 556
    },
    "movie": {
      "id": 30
    },
    "rating": 9
  },
  {
    "user": {
      "id": 783
    },
    "movie": {
      "id": 74
    },
    "rating": 5
  },
  {
    "user": {
      "id": 937
    },
    "movie": {
      "id": 81
    },
    "rating": 4
  },
  {
    "user": {
      "id": 873
    },
    "movie": {
      "id": 83
    },
    "rating": 9
  },
  {
    "user": {
      "id": 875
    },
    "movie": {
      "id": 54
    },
    "rating": 7
  },
  {
    "user": {
      "id": 340
    },
    "movie": {
      "id": 46
    },
    "rating": 7
  },
  {
    "user": {
      "id": 824
    },
    "movie": {
      "id": 44
    },
    "rating": 5
  },
  {
    "user": {
      "id": 860
    },
    "movie": {
      "id": 52
    },
    "rating": 4
  },
  {
    "user": {
      "id": 265
    },
    "movie": {
      "id": 78
    },
    "rating": 8
  },
  {
    "user": {
      "id": 75
    },
    "movie": {
      "id": 79
    },
    "rating": 7
  },
  {
    "user": {
      "id": 630
    },
    "movie": {
      "id": 78
    },
    "rating": 6
  },
  {
    "user": {
      "id": 25
    },
    "movie": {
      "id": 54
    },
    "rating": 9
  },
  {
    "user": {
      "id": 944
    },
    "movie": {
      "id": 77
    },
    "rating": 7
  },
  {
    "user": {
      "id": 76
    },
    "movie": {
      "id": 84
    },
    "rating": 4
  },
  {
    "user": {
      "id": 74
    },
    "movie": {
      "id": 78
    },
    "rating": 5
  },
  {
    "user": {
      "id": 309
    },
    "movie": {
      "id": 69
    },
    "rating": 6
  },
  {
    "user": {
      "id": 836
    },
    "movie": {
      "id": 67
    },
    "rating": 8
  },
  {
    "user": {
      "id": 620
    },
    "movie": {
      "id": 23
    },
    "rating": 7
  },
  {
    "user": {
      "id": 619
    },
    "movie": {
      "id": 27
    },
    "rating": 8
  },
  {
    "user": {
      "id": 628
    },
    "movie": {
      "id": 49
    },
    "rating": 6
  },
  {
    "user": {
      "id": 303
    },
    "movie": {
      "id": 14
    },
    "rating": 7
  },
  {
    "user": {
      "id": 786
    },
    "movie": {
      "id": 31
    },
    "rating": 4
  },
  {
    "user": {
      "id": 629
    },
    "movie": {
      "id": 27
    },
    "rating": 8
  },
  {
    "user": {
      "id": 787
    },
    "movie": {
      "id": 61
    },
    "rating": 6
  },
  {
    "user": {
      "id": 850
    },
    "movie": {
      "id": 20
    },
    "rating": 8
  },
  {
    "user": {
      "id": 763
    },
    "movie": {
      "id": 63
    },
    "rating": 8
  },
  {
    "user": {
      "id": 778
    },
    "movie": {
      "id": 73
    },
    "rating": 5
  },
  {
    "user": {
      "id": 653
    },
    "movie": {
      "id": 81
    },
    "rating": 4
  },
  {
    "user": {
      "id": 864
    },
    "movie": {
      "id": 95
    },
    "rating": 5
  },
  {
    "user": {
      "id": 87
    },
    "movie": {
      "id": 104
    },
    "rating": 8
  },
  {
    "user": {
      "id": 908
    },
    "movie": {
      "id": 94
    },
    "rating": 5
  },
  {
    "user": {
      "id": 64
    },
    "movie": {
      "id": 91
    },
    "rating": 6
  },
  {
    "user": {
      "id": 235
    },
    "movie": {
      "id": 72
    },
    "rating": 10
  },
  {
    "user": {
      "id": 93
    },
    "movie": {
      "id": 96
    },
    "rating": 8
  },
  {
    "user": {
      "id": 821
    },
    "movie": {
      "id": 67
    },
    "rating": 7
  },
  {
    "user": {
      "id": 808
    },
    "movie": {
      "id": 56
    },
    "rating": 10
  },
  {
    "user": {
      "id": 866
    },
    "movie": {
      "id": 44
    },
    "rating": 7
  },
  {
    "user": {
      "id": 61
    },
    "movie": {
      "id": 86
    },
    "rating": 10
  },
  {
    "user": {
      "id": 746
    },
    "movie": {
      "id": 85
    },
    "rating": 8
  },
  {
    "user": {
      "id": 743
    },
    "movie": {
      "id": 69
    },
    "rating": 7
  },
  {
    "user": {
      "id": 740
    },
    "movie": {
      "id": 65
    },
    "rating": 6
  },
  {
    "user": {
      "id": 746
    },
    "movie": {
      "id": 62
    },
    "rating": 8
  },
  {
    "user": {
      "id": 761
    },
    "movie": {
      "id": 76
    },
    "rating": 7
  },
  {
    "user": {
      "id": 953
    },
    "movie": {
      "id": 66
    },
    "rating": 8
  },
  {
    "user": {
      "id": 153
    },
    "movie": {
      "id": 60
    },
    "rating": 6
  },
  {
    "user": {
      "id": 768
    },
    "movie": {
      "id": 70
    },
    "rating": 5
  },
  {
    "user": {
      "id": 186
    },
    "movie": {
      "id": 93
    },
    "rating": 6
  },
  {
    "user": {
      "id": 866
    },
    "movie": {
      "id": 38
    },
    "rating": 8
  },
  {
    "user": {
      "id": 768
    },
    "movie": {
      "id": 49
    },
    "rating": 5
  },
  {
    "user": {
      "id": 723
    },
    "movie": {
      "id": 84
    },
    "rating": 5
  },
  {
    "user": {
      "id": 19
    },
    "movie": {
      "id": 45
    },
    "rating": 5
  },
  {
    "user": {
      "id": 950
    },
    "movie": {
      "id": 34
    },
    "rating": 8
  },
  {
    "user": {
      "id": 664
    },
    "movie": {
      "id": 76
    },
    "rating": 8
  },
  {
    "user": {
      "id": 12
    },
    "movie": {
      "id": 64
    },
    "rating": 10
  },
  {
    "user": {
      "id": 15
    },
    "movie": {
      "id": 88
    },
    "rating": 5
  },
  {
    "user": {
      "id": 721
    },
    "movie": {
      "id": 94
    },
    "rating": 6
  },
  {
    "user": {
      "id": 722
    },
    "movie": {
      "id": 60
    },
    "rating": 6
  },
  {
    "user": {
      "id": 10
    },
    "movie": {
      "id": 71
    },
    "rating": 7
  },
  {
    "user": {
      "id": 730
    },
    "movie": {
      "id": 54
    },
    "rating": 7
  },
  {
    "user": {
      "id": 11
    },
    "movie": {
      "id": 43
    },
    "rating": 9
  },
  {
    "user": {
      "id": 924
    },
    "movie": {
      "id": 58
    },
    "rating": 8
  },
  {
    "user": {
      "id": 951
    },
    "movie": {
      "id": 74
    },
    "rating": 4
  },
  {
    "user": {
      "id": 788
    },
    "movie": {
      "id": 42
    },
    "rating": 6
  },
  {
    "user": {
      "id": 6
    },
    "movie": {
      "id": 44
    },
    "rating": 8
  },
  {
    "user": {
      "id": 801
    },
    "movie": {
      "id": 40
    },
    "rating": 6
  },
  {
    "user": {
      "id": 777
    },
    "movie": {
      "id": 77
    },
    "rating": 5
  },
  {
    "user": {
      "id": 974
    },
    "movie": {
      "id": 69
    },
    "rating": 8
  },
  {
    "user": {
      "id": 188
    },
    "movie": {
      "id": 96
    },
    "rating": 9
  },
  {
    "user": {
      "id": 976
    },
    "movie": {
      "id": 23
    },
    "rating": 9
  }

]