[
  {"email": "gwhenhamap@tumblr.com", "username": "gwhenhamap", "password": "sM9>Har*$"},
  {"email": "jmatyushkin1@tumblr.com", "username": "jmatyushkin1", "password": "Kv:Vj6&p"},
  {"email": "lgibke2@tumblr.com", "username": "lgibke2", "password": "eG^5Bvz!"},
  {"email": "mfattori3@tumblr.com", "username": "mfattori3", "password": "sE@8nKw2"},
  {"email": "djosef4@tumblr.com", "username": "djosef4", "password": "qP4+T!bA"},
  {"email": "dmckinstry5@tumblr.com", "username": "dmckinstry5", "password": "hW2r$Cs7"},
  {"email": "cwigg6@tumblr.com", "username": "cwigg6", "password": "pU9*XzE3"},
  {"email": "tkernan7@tumblr.com", "username": "tkernan7", "password": "rF4#YxW1"},
  {"email": "apetrakov8@tumblr.com", "username": "apetrakov8", "password": "fT1@ZsN6"},
  {"email": "bbert9@tumblr.com", "username": "bbert9", "password": "sP6%WoU7"},
  {"email": "stamina9a@tumblr.com", "username": "stamina9a", "password": "kV3$RqC8"},
  {"email": "lmenicomb9b@tumblr.com", "username": "lmenicomb9b", "password": "wN5^GyD4"},
  {"email": "jheinzmann9c@tumblr.com", "username": "jheinzmann9c", "password": "zL8+VmP2"},
  {"email": "kkagan9d@tumblr.com", "username": "kkagan9d", "password": "cS5%LoI9"},
  {"email": "eshrub9e@tumblr.com", "username": "eshrub9e", "password": "mP9$RlK4"},
  {"email": "bbeckitt9f@tumblr.com", "username": "bbeckitt9f", "password": "tE2%SnT7"},
  {"email": "jjerzyc9g@tumblr.com", "username": "jjerzyc9g", "password": "uV4^JzX1"},
  {"email": "bjeandel9h@tumblr.com", "username": "bjeandel9h", "password": "vC6#YfU1"},
  {"email": "mnoteyoung9i@tumblr.com", "username": "mnoteyoung9i", "password": "wG3#KrM5"},
  {"email": "drayner9j@tumblr.com", "username": "drayner9j", "password": "oT9&WpI7"},
  {"email": "rfairholme9k@tumblr.com", "username": "rfairholme9k", "password": "dM6%VrH5"},
  {"email": "sogormally9l@tumblr.com", "username": "sogormally9l", "password": "mT7*ZxP2"},
  {"email": "adurtnell9m@tumblr.com", "username": "adurtnell9m", "password": "mX1@GnB7"},
  {"email": "rcridge9n@tumblr.com", "username": "rcridge9n", "password": "kU5%RtQ9"},
  {"email": "rwillgrass9o@tumblr.com", "username": "rwillgrass9o", "password": "oL9*PwG1"},
  {"email": "ttrill9p@tumblr.com", "username": "ttrill9p", "password": "cB6#ZmX9"},
  {"email": "cmulqueen9q@tumblr.com", "username": "cmulqueen9q", "password": "zB1$YkN9"},
  {"email": "kwellbelove9r@tumblr.com", "username": "kwellbelove9r", "password": "xM4&VgQ8"},
  {"email": "lmindenhall9s@tumblr.com", "username": "lmindenhall9s", "password": "mN6&PrR3"},
  {"email": "rmckeady9t@tumblr.com", "username": "rmckeady9t", "password": "zP7#FxR8"},
  {"email": "ebeckinsale9u@tumblr.com", "username": "ebeckinsale9u", "password": "iR1!JyL4"},
  {"email": "hmccree9v@tumblr.com", "username": "hmccree9v", "password": "oL1$RtS9"},
  {"email": "tbehnke9w@tumblr.com", "username": "tbehnke9w", "password": "pG2$YqC7"},
  {"email": "sfairfoot9x@tumblr.com", "username": "sfairfoot9x", "password": "kQ1!LpT6"},
  {"email": "ndommett9y@tumblr.com", "username": "ndommett9y", "password": "lA3^HdX8"},
  {"email": "ghassett9z@tumblr.com", "username": "ghassett9z", "password": "yF1!EoT9"},
  {"email": "tjarritt9aa@tumblr.com", "username": "tjarritt9aa", "password": "qW1!AnM4"},
  {"email": "kkhristov9ab@tumblr.com", "username": "kkhristov9ab", "password": "mP1&XvT5"},
  {"email": "epatshull9ac@tumblr.com", "username": "epatshull9ac", "password": "iE9$YqS6"},
  {"email": "wgillitts9ad@tumblr.com", "username": "wgillitts9ad", "password": "pR4*UdC5"},
  {"email": "gmcgillivray9ae@tumblr.com", "username": "gmcgillivray9ae", "password": "wM1!NrR3"},
  {"email": "kjeandel9af@tumblr.com", "username": "kjeandel9af", "password": "lO5*WtR9"},
  {"email": "nmayhew9ag@tumblr.com", "username": "nmayhew9ag", "password": "qS4&JcX7"},
  {"email": "mlossman9ah@tumblr.com", "username": "mlossman9ah", "password": "sL7!UpN5"},
  {"email": "bkidston9ai@tumblr.com", "username": "bkidston9ai", "password": "hS6^EwX1"},
  {"email": "gmathevon9aj@tumblr.com", "username": "gmathevon9aj", "password": "oH2#IvN9"},
  {"email": "whakey9ak@tumblr.com", "username": "whakey9ak", "password": "cB1$DgZ4"},
  {"email": "gharkess9al@tumblr.com", "username": "gharkess9al", "password": "pT6$BnS3"},
  {"email": "kfarquhar9am@tumblr.com", "username": "kfarquhar9am", "password": "eR2!VfW7"},
  {"email": "lhubbucks9an@tumblr.com", "username": "lhubbucks9an", "password": "fW4*HdZ6"},
  {"email": "cmccritchie9ao@tumblr.com", "username": "cmccritchie9ao", "password": "wT2!KuB7"},
  {"email": "dbaron9ap@tumblr.com", "username": "dbaron9ap", "password": "qY9%GsN4"},
  {"email": "meustis9aq@tumblr.com", "username": "meustis9aq", "password": "vI8^UmL3"},
  {"email": "hbirkby9ar@tumblr.com", "username": "hbirkby9ar", "password": "jR1*HcU5"},
  {"email": "gphilipson9as@tumblr.com", "username": "gphilipson9as", "password": "qO9!WnG2"},
  {"email": "cmackilpatrick9at@tumblr.com", "username": "cmackilpatrick9at", "password": "vK3^GqN2"},
  {"email": "etanswell9au@tumblr.com", "username": "etanswell9au", "password": "yC5$ZvX3"},
  {"email": "jseaborn9av@tumblr.com", "username": "jseaborn9av", "password": "oN9^UpK7"},
  {"email": "fdensham9aw@tumblr.com", "username": "fdensham9aw", "password": "nA6*FvG3"},
  {"email": "mlauritsen9ax@tumblr.com", "username": "mlauritsen9ax", "password": "iW9#YrD4"},
  {"email": "mfipp9ay@tumblr.com", "username": "mfipp9ay", "password": "nK9&GmV1"},
  {"email": "kbreakspear9az@tumblr.com", "username": "kbreakspear9az", "password": "oM2*GfR1"},
  {"email": "vpaoli9b@tumblr.com", "username": "vpaoli9b", "password": "aJ6*HxN2"},
  {"email": "elabuschagne9ba@tumblr.com", "username": "elabuschagne9ba", "password": "lC3&FwP9"},
  {"email": "rhavvock9bb@tumblr.com", "username": "rhavvock9bb", "password": "dP9$YqS4"},
  {"email": "gbartolommeo9bc@tumblr.com", "username": "gbartolommeo9bc", "password": "zS3^GmJ5"},
  {"email": "kshears9bd@tumblr.com", "username": "kshears9bd", "password": "yQ2*PtL9"},
  {"email": "cdeerness9be@tumblr.com", "username": "cdeerness9be", "password": "yV7%RlE9"},
  {"email": "ltregenza9bf@tumblr.com", "username": "ltregenza9bf", "password": "dJ5$RkP6"},
  {"email": "lguyers9bg@tumblr.com", "username": "lguyers9bg", "password": "iH7%VoN3"},
  {"email": "akofax9bh@tumblr.com", "username": "akofax9bh", "password": "qZ6#GhR1"},
  {"email": "awestfrimley9bi@tumblr.com", "username": "awestfrimley9bi", "password": "tP3!XrA5"},
  {"email": "agillson9bj@tumblr.com", "username": "agillson9bj", "password": "bX8*HzY2"},
  {"email": "fpanchin9bk@tumblr.com", "username": "fpanchin9bk", "password": "sC7&JbG5"},
  {"email": "grathmell9bl@tumblr.com", "username": "grathmell9bl", "password": "wR2*QjE7"},
  {"email": "ibeddis9bm@tumblr.com", "username": "ibeddis9bm", "password": "tF3#ZbE7"},
  {"email": "dconre9bn@tumblr.com", "username": "dconre9bn", "password": "qJ6$WnR1"},
  {"email": "bpenniman9bo@tumblr.com", "username": "bpenniman9bo", "password": "gZ5!SkC7"},
  {"email": "mkeele9bp@tumblr.com", "username": "mkeele9bp", "password": "dN2$HzJ1"},
  {"email": "ldavidwitz9bq@tumblr.com", "username": "ldavidwitz9bq", "password": "iZ9%LwT8"},
  {"email": "ashmylton9br@tumblr.com", "username": "ashmylton9br", "password": "uX2*VlR5"},
  {"email": "fskaife9bs@tumblr.com", "username": "fskaife9bs", "password": "mO2$JvT5"},
  {"email": "csmeeton9bt@tumblr.com", "username": "csmeeton9bt", "password": "zN9%TlR3"},
  {"email": "eogg9bu@tumblr.com", "username": "eogg9bu", "password": "kX2$LnQ9"},
  {"email": "acolbron9bv@tumblr.com", "username": "acolbron9bv", "password": "mG7&QbX1"},
  {"email": "lridgway9bw@tumblr.com", "username": "lridgway9bw", "password": "wT2$NfM4"},
  {"email": "ksmoughton9bx@tumblr.com", "username": "ksmoughton9bx", "password": "iW7!DnB9"},
  {"email": "lhirtz9by@tumblr.com", "username": "lhirtz9by", "password": "rE7&VqC8"},
  {"email": "hcoyne9bz@tumblr.com", "username": "hcoyne9bz", "password": "lF4*ZgH9"},
  {"email": "hwoolfoot9ca@tumblr.com", "username": "hwoolfoot9ca", "password": "sO9&LcV8"},
  {"email": "jtoffano9cc@tumblr.com", "username": "jtoffano9cc", "password": "xN1!RmL7"},
  {"email": "kowain9cd@tumblr.com", "username": "kowain9cd", "password": "eY2#JuB7"},
  {"email": "cledgerton9ce@tumblr.com", "username": "cledgerton9ce", "password": "pA5%WnM2"},
  {"email": "rgriffith9cf@tumblr.com", "username": "rgriffith9cf", "password": "qE9$HkC6"},
  {"email": "ekilminster9cg@tumblr.com", "username": "ekilminster9cg", "password": "xI6*FnD3"},
  {"email": "mcranfield9ch@tumblr.com", "username": "mcranfield9ch", "password": "mT3%JvD8"},
  {"email": "drobken9ci@tumblr.com", "username": "drobken9ci", "password": "gO4#LnJ5"},
  {"email": "sdeboo9cj@tumblr.com", "username": "sdeboo9cj", "password": "nB1$XmJ5"},
  {"email": "tpavolini9ck@tumblr.com", "username": "tpavolini9ck", "password": "vB5#RcE6"},
  {"email": "adukelow9cl@tumblr.com", "username": "adukelow9cl", "password": "zO2!HvF3"},
  {"email": "cshovelin9cm@tumblr.com", "username": "cshovelin9cm", "password": "wE7%ZjQ5"},
  {"email": "gmeagher9cn@tumblr.com", "username": "gmeagher9cn", "password": "cB8!NkH3"},
  {"email": "croskell9co@tumblr.com", "username": "croskell9co", "password": "wD7^KtV4"},
  {"email": "rsloane9cp@tumblr.com", "username": "rsloane9cp", "password": "iQ1*MoH7"},
  {"email": "mfernely9cq@tumblr.com", "username": "mfernely9cq", "password": "yG6&JcD2"},
  {"email": "jpaskell9cr@tumblr.com", "username": "jpaskell9cr", "password": "eY4^HdW6"},
  {"email": "lgookey9cs@tumblr.com", "username": "lgookey9cs", "password": "vI2*WsF9"},
  {"email": "fcrowson9ct@tumblr.com", "username": "fcrowson9ct", "password": "jK3^RaG5"},
  {"email": "jsalvage9cu@tumblr.com", "username": "jsalvage9cu", "password": "zT5#UmJ9"},
  {"email": "mdungey9cv@tumblr.com", "username": "mdungey9cv", "password": "pB9*JtZ1"},
  {"email": "sgriffith9cw@tumblr.com", "username": "sgriffith9cw", "password": "qM4$NsE6"},
  {"email": "aflode9cx@tumblr.com", "username": "aflode9cx", "password": "bN2!WrL8"},
  {"email": "mmctear9cy@tumblr.com", "username": "mmctear9cy", "password": "mL6$DtS4"},
  {"email": "dcallaby9cz@tumblr.com", "username": "dcallaby9cz", "password": "kO5*FgM2"},
  {"email": "kantonioni9da@tumblr.com", "username": "kantonioni9da", "password": "gH8#FtB7"},
  {"email": "rhaslegrave9db@tumblr.com", "username": "rhaslegrave9db", "password": "kT1$FyR2"},
  {"email": "anichol9dc@tumblr.com", "username": "anichol9dc", "password": "bM1*CrE7"},
  {"email": "gmurkus9dd@tumblr.com", "username": "gmurkus9dd", "password": "zJ1!GnL9"},
  {"email": "creboul9de@tumblr.com", "username": "creboul9de", "password": "jV9&KnR1"},
  {"email": "dfishleigh9df@tumblr.com", "username": "dfishleigh9df", "password": "aX6&ZlN2"},
  {"email": "cwolford9dg@tumblr.com", "username": "cwolford9dg", "password": "yE4#HwN7"},
  {"email": "dbillam9dh@tumblr.com", "username": "dbillam9dh", "password": "kU2#XvP5"},
  {"email": "rlemasney9di@tumblr.com", "username": "rlemasney9di", "password": "wL7$HgN3"},
  {"email": "karnot9dj@tumblr.com", "username": "karnot9dj", "password": "hK4*ImZ7"},
  {"email": "cghidotti9dk@tumblr.com", "username": "cghidotti9dk", "password": "aZ2!VjX9"},
  {"email": "dgoom9dl@tumblr.com", "username": "dgoom9dl", "password": "rF1^ZoB5"},
  {"email": "pmcquilliam9dm@tumblr.com", "username": "pmcquilliam9dm", "password": "vH3^InP1"},
  {"email": "rwathey9dn@tumblr.com", "username": "rwathey9dn", "password": "lG4*EkX2"},
  {"email": "dplumstead9do@tumblr.com", "username": "dplumstead9do", "password": "tH7^WmZ5"},
  {"email": "mtasch9dp@tumblr.com", "username": "mtasch9dp", "password": "sJ9$CpB3"},
  {"email": "mwraggs9dq@tumblr.com", "username": "mwraggs9dq", "password": "wK2!HdF8"},
  {"email": "vheighway9dr@tumblr.com", "username": "vheighway9dr", "password": "sJ4#WnD3"},
  {"email": "kcastagna9ds@tumblr.com", "username": "kcastagna9ds", "password": "dC7*YwM5"},
  {"email": "mgregol9dt@tumblr.com", "username": "mgregol9dt", "password": "eP7$AnZ6"},
  {"email": "sboult9du@tumblr.com", "username": "sboult9du", "password": "wX6*YdR8"},
  {"email": "cprobat9dv@tumblr.com", "username": "cprobat9dv", "password": "nK9$JgF3"},
  {"email": "jweager9dw@tumblr.com", "username": "jweager9dw", "password": "wE6^RvZ2"},
  {"email": "amears9dx@tumblr.com", "username": "amears9dx", "password": "lH3#DkT9"},
  {"email": "hrobken9dy@tumblr.com", "username": "hrobken9dy", "password": "iX7*VmQ3"},
  {"email": "egathercole9dz@tumblr.com", "username": "egathercole9dz", "password": "lP2#CjN5"},
  {"email": "thlavecek9ea@tumblr.com", "username": "thlavecek9ea", "password": "eY3!TbP9"},
  {"email": "fcornil9eb@tumblr.com", "username": "fcornil9eb", "password": "vJ2#QuZ4"},
  {"email": "jcotterell9ec@tumblr.com", "username": "jcotterell9ec", "password": "dL9$PmV5"},
  {"email": "phasslocher9ed@tumblr.com", "username": "phasslocher9ed", "password": "iR1*QfN9"},
  {"email": "mhearns9ee@tumblr.com", "username": "mhearns9ee", "password": "cG6*FwM8"},
  {"email": "mwindebank9ef@tumblr.com", "username": "mwindebank9ef", "password": "xG8^JmR1"},
  {"email": "mtampen9eg@tumblr.com", "username": "mtampen9eg", "password": "lV7!QgB5"},
  {"email": "dcaris9eh@tumblr.com", "username": "dcaris9eh", "password": "lZ9^FnG4"},
  {"email": "emempriss9ei@tumblr.com", "username": "emempriss9ei", "password": "hJ1#YmE6"},
  {"email": "mgotcliff9ej@tumblr.com", "username": "mgotcliff9ej", "password": "sP9%AmR3"},
  {"email": "bbrameld9ek@tumblr.com", "username": "bbrameld9ek", "password": "wB5*HmQ1"},
  {"email": "ckinnett9el@tumblr.com", "username": "ckinnett9el", "password": "zP2^VmD7"},
  {"email": "jquakley9em@tumblr.com", "username": "jquakley9em", "password": "zF7$JpB4"},
  {"email": "rjedraszek9en@tumblr.com", "username": "rjedraszek9en", "password": "jA9#FgT5"},
  {"email": "tpopham9eo@tumblr.com", "username": "tpopham9eo", "password": "eC5*JnL7"},
  {"email": "kcapes9ep@tumblr.com", "username": "kcapes9ep", "password": "hW1!QnL6"},
  {"email": "mmatussevich9eq@tumblr.com", "username": "mmatussevich9eq", "password": "bG6^RvB8"},
  {"email": "jboffey9er@tumblr.com", "username": "jboffey9er", "password": "vP4*QhT2"},
  {"email": "rchambers9es@tumblr.com", "username": "rchambers9es", "password": "yQ5^FmR9"},
  {"email": "jwiltshear9et@tumblr.com", "username": "jwiltshear9et", "password": "wB6*KnZ9"},
  {"email": "gguerrini9eu@tumblr.com", "username": "gguerrini9eu", "password": "eV4#YwN8"},
  {"email": "nhaibel9ev@tumblr.com", "username": "nhaibel9ev", "password": "mX6*ZtB9"},
  {"email": "sstenners9ew@tumblr.com", "username": "sstenners9ew", "password": "jB2$AnM6"},
  {"email": "jkiehnlt9ex@tumblr.com", "username": "jkiehnlt9ex", "password": "eQ5^RmC9"},
  {"email": "mkneeland9ey@tumblr.com", "username": "mkneeland9ey", "password": "hO7!QxP2"},
  {"email": "lbloxsum9ez@tumblr.com", "username": "lbloxsum9ez", "password": "bJ9$MtA8"},
  {"email": "msugden9fa@tumblr.com", "username": "msugden9fa", "password": "zC3#UtQ1"},
  {"email": "kcleve9fb@tumblr.com", "username": "kcleve9fb", "password": "gQ5*HkU7"},
  {"email": "ravramovsky9fc@tumblr.com", "username": "ravramovsky9fc", "password": "pD9$NtW4"},
  {"email": "awaldron9fd@tumblr.com", "username": "awaldron9fd", "password": "zI5$EhV7"},
  {"email": "tfarrey9fe@tumblr.com", "username": "tfarrey9fe", "password": "mJ4*VqH6"},
  {"email": "dmedford9ff@tumblr.com", "username": "dmedford9ff", "password": "iC8&UtR5"},
  {"email": "hhulson9fg@tumblr.com", "username": "hhulson9fg", "password": "wL6$NjZ7"},
  {"email": "ggreenhalgh9fh@tumblr.com", "username": "ggreenhalgh9fh", "password": "xZ2%UtD6"},
  {"email": "kdubois9fi@tumblr.com", "username": "kdubois9fi", "password": "nE1*HoG9"},
  {"email": "tunworth9fj@tumblr.com", "username": "tunworth9fj", "password": "lK7*QpR4"},
  {"email": "wcaig9fk@tumblr.com", "username": "wcaig9fk", "password": "sX4*FwH5"},
  {"email": "lpittel9fl@tumblr.com", "username": "lpittel9fl", "password": "jQ7$HpB8"},
  {"email": "kimbrey9fm@tumblr.com", "username": "kimbrey9fm", "password": "cJ8!RlK7"},
  {"email": "adevoe9fn@tumblr.com", "username": "adevoe9fn", "password": "zV4$DcH6"},
  {"email": "jsheaber9fo@tumblr.com", "username": "jsheaber9fo", "password": "qZ1%VmB5"},
  {"email": "cblencoe9fp@tumblr.com", "username": "cblencoe9fp", "password": "kR9^ZvG1"},
  {"email": "pbruggen9fq@tumblr.com", "username": "pbruggen9fq", "password": "bE4^TkX3"},
  {"email": "mogles9fr@tumblr.com", "username": "mogles9fr", "password": "zF8&HjM2"},
  {"email": "dromain9fs@tumblr.com", "username": "dromain9fs", "password": "hA5^PtZ6"},
  {"email": "kvicar9ft@tumblr.com", "username": "kvicar9ft", "password": "oX6*FbT1"},
  {"email": "mwellen9fu@tumblr.com", "username": "mwellen9fu", "password": "vQ2&KrL6"},
  {"email": "mbarnwille9fv@tumblr.com", "username": "mbarnwille9fv", "password": "rM2$DtN6"},
  {"email": "jhandly9fw@tumblr.com", "username": "jhandly9fw", "password": "wG5^TkE8"},
  {"email": "icristofol9fx@tumblr.com", "username": "icristofol9fx", "password": "qC8^GkF1"},
  {"email": "dfownes9fy@tumblr.com", "username": "dfownes9fy", "password": "vD4$WqT6"},
  {"email": "egilbard9fz@tumblr.com", "username": "egilbard9fz", "password": "iV7$XbZ9"},
  {"email": "kgarrat9ga@tumblr.com", "username": "kgarrat9ga", "password": "yC2*ZpS9"},
  {"email": "ktrevers9gb@tumblr.com", "username": "ktrevers9gb", "password": "vY8*QuE9"},
  {"email": "mdaintier9gc@tumblr.com", "username": "mdaintier9gc", "password": "dF2%LmJ8"},
  {"email": "mlindberg9gd@tumblr.com", "username": "mlindberg9gd", "password": "jE5*HkR3"},
  {"email": "hsneden9ge@tumblr.com", "username": "hsneden9ge", "password": "xN9^TjR2"},
  {"email": "jjenkins9gf@tumblr.com", "username": "jjenkins9gf", "password": "sD9*JgV5"},
  {"email": "lmckinnon9gg@tumblr.com", "username": "lmckinnon9gg", "password": "wK9#ZgV3"},
  {"email": "rdurtnall9gh@tumblr.com", "username": "rdurtnall9gh", "password": "wN8*AmE5"},
  {"email": "spother9gi@tumblr.com", "username": "spother9gi", "password": "rJ6&YdN9"},
  {"email": "lprophet9gj@tumblr.com", "username": "lprophet9gj", "password": "vQ7!LhB6"},
  {"email": "yeshelby9gk@tumblr.com", "username": "yeshelby9gk", "password": "pA2$RdW8"},
  {"email": "dsennet9gl@tumblr.com", "username": "dsennet9gl", "password": "jX4&VoN9"},
  {"email": "dbramsen9gm@tumblr.com", "username": "dbramsen9gm", "password": "rO6*ZpC9"},
  {"email": "hnoads9gn@tumblr.com", "username": "hnoads9gn", "password": "yL4$VuB2"},
  {"email": "bfarbrace9go@tumblr.com", "username": "bfarbrace9go", "password": "qA2&KwZ6"},
  {"email": "hleversha9gp@tumblr.com", "username": "hleversha9gp", "password": "jZ6$VfN2"},
  {"email": "wprobart9gq@tumblr.com", "username": "wprobart9gq", "password": "kQ1^PlB2"},
  {"email": "bnutten9gr@tumblr.com", "username": "bnutten9gr", "password": "iK5*QuG4"},
  {"email": "slancaster9gs@tumblr.com", "username": "slancaster9gs", "password": "pW1$HxM9"},
  {"email": "bjakubowits9gt@tumblr.com", "username": "bjakubowits9gt", "password": "qT7*VmB6"},
  {"email": "skilbourne9gu@tumblr.com", "username": "skilbourne9gu", "password": "gJ9$RfV1"},
  {"email": "malday9gv@tumblr.com", "username": "malday9gv", "password": "sF4#HmR8"},
  {"email": "lgwilliams9gw@tumblr.com", "username": "lgwilliams9gw", "password": "yC7*QnS2"},
  {"email": "gboich9gx@tumblr.com", "username": "gboich9gx", "password": "rE3&JbZ7"},
  {"email": "schue9gy@tumblr.com", "username": "schue9gy", "password": "rG4%SnP1"},
  {"email": "lmuggleton9gz@tumblr.com", "username": "lmuggleton9gz", "password": "kT7&ZrG3"},
  {"email": "afrankish9h@tumblr.com", "username": "afrankish9h", "password": "sA5#PwD7"},
  {"email": "mfarragher9ha@tumblr.com", "username": "mfarragher9ha", "password": "lK7$CnV9"},
  {"email": "rseymour9hb@tumblr.com", "username": "rseymour9hb", "password": "tL9*PmR5"},
  {"email": "gbalhatchet9hc@tumblr.com", "username": "gbalhatchet9hc", "password": "dY8*QeN6"},
  {"email": "clippini9hd@tumblr.com", "username": "clippini9hd", "password": "qG6%RxM1"},
  {"email": "ejoanaud9he@tumblr.com", "username": "ejoanaud9he", "password": "tL9$SvF6"},
  {"email": "eoyers9hf@tumblr.com", "username": "eoyers9hf", "password": "wJ8#PtG9"},
  {"email": "dmulbery9hg@tumblr.com", "username": "dmulbery9hg", "password": "vR5$KlD3"},
  {"email": "dbrook9hh@tumblr.com", "username": "dbrook9hh", "password": "iC8!YxN4"},
  {"email": "mlaxton9hi@tumblr.com", "username": "mlaxton9hi", "password": "wM3&KjN5"},
  {"email": "kpercy9hj@tumblr.com", "username": "kpercy9hj", "password": "vX5!OnZ9"},
  {"email": "dfirbank9hk@tumblr.com", "username": "dfirbank9hk", "password": "zE6$DqS9"},
  {"email": "gbyrkmyr9hl@tumblr.com", "username": "gbyrkmyr9hl", "password": "iE5#JwN3"},
  {"email": "mhoodless9hm@tumblr.com", "username": "mhoodless9hm", "password": "kV4*YxJ7"},
  {"email": "auck9hn@tumblr.com", "username": "auck9hn", "password": "xZ9%TpB2"},
  {"email": "cpittwood9ho@tumblr.com", "username": "cpittwood9ho", "password": "hV3&IqB7"},
  {"email": "aduffield9hp@tumblr.com", "username": "aduffield9hp", "password": "lS2*FmE7"},
  {"email": "kkirtlan9hq@tumblr.com", "username": "kkirtlan9hq", "password": "hE1&QvF2"},
  {"email": "rfenby9hr@tumblr.com", "username": "rfenby9hr", "password": "nX7*JqH2"},
  {"email": "jbrindle9hs@tumblr.com", "username": "jbrindle9hs", "password": "hJ9$FnC2"},
  {"email": "jgeering9ht@tumblr.com", "username": "jgeering9ht", "password": "cP7!NdK8"},
  {"email": "lweddell9hu@tumblr.com", "username": "lweddell9hu", "password": "nG6$CvR7"},
  {"email": "bbatter 9hv@tumblr.com", "username": "bbatter9hv", "password": "tZ7#HqP9"},
  {"email": "cjiri9hw@tumblr.com", "username": "cjiri9hw", "password": "mQ1$RvD9"},
  {"email": "gbeardow9hx@tumblr.com", "username": "gbeardow9hx", "password": "iX9*PmT4"},
  {"email": "fborsnall9hy@tumblr.com", "username": "fborsnall9hy", "password": "tO2!KxN1"},
  {"email": "cmoreby9hz@tumblr.com", "username": "cmoreby9hz", "password": "gA2#QkM1"},
  {"email": "blondsdale9i@tumblr.com", "username": "blondsdale9i", "password": "xM1#QgB3"},
  {"email": "kpierrepoint9ia@tumblr.com", "username": "kpierrepoint9ia", "password": "hY2*ZmK6"},
  {"email": "trowels9ib@tumblr.com", "username": "trowels9ib", "password": "rE3#GkM9"},
  {"email": "fdurtnel9ic@tumblr.com", "username": "fdurtnel9ic", "password": "oK4*YqS9"},
  {"email": "mchalice9id@tumblr.com", "username": "mchalice9id", "password": "jH2#BpF7"},
  {"email": "pbuyers9ie@tumblr.com", "username": "pbuyers9ie", "password": "vN6#GkD3"},
  {"email": "nstubbley9if@tumblr.com", "username": "nstubbley9if", "password": "lT8!KxM4"},
  {"email": "ymackain9ig@tumblr.com", "username": "ymackain9ig", "password": "tB2%ZwM4"},
  {"email": "mchartres9ih@tumblr.com", "username": "mchartres9ih", "password": "qT1&FnM3"},
  {"email": "ndavie9ii@tumblr.com", "username": "ndavie9ii", "password": "gF5*HtB3"},
  {"email": "mgabrielii9ij@tumblr.com", "username": "mgabrielii9ij", "password": "tV7$ZpA3"},
  {"email": "jlettley9ik@tumblr.com", "username": "jlettley9ik", "password": "sK3*HvR9"},
  {"email": "jthowless9il@tumblr.com", "username": "jthowless9il", "password": "oD2^QtM9"},
  {"email": "dpollicott9im@tumblr.com", "username": "dpollicott9im", "password": "eV7%PqH1"},
  {"email": "cwickett9in@tumblr.com", "username": "cwickett9in", "password": "hW1!GvC3"},
  {"email": "jstollberger9io@tumblr.com", "username": "jstollberger9io", "password": "pM3&YbH6"},
  {"email": "mmacdavitt9ip@tumblr.com", "username": "mmacdavitt9ip", "password": "eK6%SwB1"},
  {"email": "pfranzel9iq@tumblr.com", "username": "pfranzel9iq", "password": "eX9$GtC5"},
  {"email": "ksiberry9ir@tumblr.com", "username": "ksiberry9ir", "password": "kL4&VnG6"},
  {"email": "vwalworth9is@tumblr.com", "username": "vwalworth9is", "password": "pT9^FnA4"},
  {"email": "gtrahmel9it@tumblr.com", "username": "gtrahmel9it", "password": "iD6#JwT9"},
  {"email": "kbernet9iu@tumblr.com", "username": "kbernet9iu", "password": "wZ8!YpR4"},
  {"email": "erankin9iv@tumblr.com", "username": "erankin9iv", "password": "aC2^VwR4"},
  {"email": "cbradwell9iw@tumblr.com", "username": "cbradwell9iw", "password": "nR6$SxG2"},
  {"email": "fberens9ix@tumblr.com", "username": "fberens9ix", "password": "wO5#AmF4"},
  {"email": "lmusicka9iy@tumblr.com", "username": "lmusicka9iy", "password": "eB3^QnG8"},
  {"email": "sbeiderbeck9iz@tumblr.com", "username": "sbeiderbeck9iz", "password": "mJ7*HgR3"},
  {"email": "rkornilov9j@tumblr.com", "username": "rkornilov9j", "password": "jR8%VhP5"},
  {"email": "hholtom9ja@tumblr.com", "username": "hholtom9ja", "password": "nZ4^GmF2"},
  {"email": "lcauson9jb@tumblr.com", "username": "lcauson9jb", "password": "zA5!KlE9"},
  {"email": "edamrell9jc@tumblr.com", "username": "edamrell9jc", "password": "wG2%RxT7"},
  {"email": "bgodrich9jd@tumblr.com", "username": "bgodrich9jd", "password": "wK9%LpF3"},
  {"email": "tstevens9je@tumblr.com", "username": "tstevens9je", "password": "eB3*JwV7"},
  {"email": "pianetti9jf@tumblr.com", "username": "pianetti9jf", "password": "sD8%JlV5"},
  {"email": "crablett9jg@tumblr.com", "username": "crablett9jg", "password": "nE2$PrZ6"},
  {"email": "jgonnell9jh@tumblr.com", "username": "jgonnell9jh", "password": "lY7#CjP6"},
  {"email": "wstrickler9ji@tumblr.com", "username": "wstrickler9ji", "password": "xR8!YqJ2"},
  {"email": "lhakking9jj@tumblr.com", "username": "lhakking9jj", "password": "aB6#VwT9"},
  {"email": "icattemull9jk@tumblr.com", "username": "icattemull9jk", "password": "qZ8$MnB3"},
  {"email": "tbump9jl@tumblr.com", "username": "tbump9jl", "password": "oK6*ThG2"},
  {"email": "mblackie9jm@tumblr.com", "username": "mblackie9jm", "password": "gZ4$FpR7"},
  {"email": "ggoulborn9jn@tumblr.com", "username": "ggoulborn9jn", "password": "iB6!HtM3"},
  {"email": "kgilffilland9jo@tumblr.com", "username": "kgilffilland9jo", "password": "zS3%GtP8"},
  {"email": "cchrippes9jp@tumblr.com", "username": "cchrippes9jp", "password": "lA8*QxM7"},
  {"email": "vgoldsby9jq@tumblr.com", "username": "vgoldsby9jq", "password": "pM3*ZoW5"},
  {"email": "acrommett9jr@tumblr.com", "username": "acrommett9jr", "password": "xK8&LwT3"},
  {"email": "kmcgrane9js@tumblr.com", "username": "kmcgrane9js", "password": "lO2*KnZ9"},
  {"email": "joreilly9jt@tumblr.com", "username": "joreilly9jt", "password": "hG2*YsF5"},
  {"email": "ztrickey9ju@tumblr.com", "username": "ztrickey9ju", "password": "wA2!LjG8"},
  {"email": "vrosenstock9jv@tumblr.com", "username": "vrosenstock9jv", "password": "pY3!TkD2"},
  {"email": "ddavidsohn9jw@tumblr.com", "username": "ddavidsohn9jw", "password": "vQ8!DmP6"},
  {"email": "rmarrow9jx@tumblr.com", "username": "rmarrow9jx", "password": "aP7^KsC2"},
  {"email": "rdelwater9jy@tumblr.com", "username": "rdelwater9jy", "password": "kN5*WrJ4"},
  {"email": "chouliston9jz@tumblr.com", "username": "chouliston9jz", "password": "yK9*PtC7"},
  {"email": "ldoggerell9k@tumblr.com", "username": "ldoggerell9k", "password": "xN8$ZwA6"},
  {"email": "eivanonko9ka@tumblr.com", "username": "eivanonko9ka", "password": "pC6#BhM9"},
  {"email": "svenning9kb@tumblr.com", "username": "svenning9kb", "password": "gV3#SxJ6"},
  {"email": "fcorker9kc@tumblr.com", "username": "fcorker9kc", "password": "lQ2%AtM9"},
  {"email": "lsleite9kd@tumblr.com", "username": "lsleite9kd", "password": "pJ7%LtD5"},
  {"email": "mscain9ke@tumblr.com", "username": "mscain9ke", "password": "rA3%YjT4"},
  {"email": "tantonietti9kf@tumblr.com", "username": "tantonietti9kf", "password": "zS9$GjB7"},
  {"email": "fmarsh9kg@tumblr.com", "username": "fmarsh9kg", "password": "vL4#TnS9"},
  {"email": "wthickett9kh@tumblr.com", "username": "wthickett9kh", "password": "lR1#UdK3"},
  {"email": "rtomashin9ki@tumblr.com", "username": "rtomashin9ki", "password": "tN8$OgH6"},
  {"email": "mharnell9kj@tumblr.com", "username": "mharnell9kj", "password": "yT5&QmB4"},
  {"email": "jkorf9kk@tumblr.com", "username": "jkorf9kk", "password": "rN9*AjD7"},
  {"email": "jmacpake9kl@tumblr.com", "username": "jmacpake9kl", "password": "tV2&JpR9"},
  {"email": "epanter9km@tumblr.com", "username": "epanter9km", "password": "tL7*TsK8"},
  {"email": "dissacof9kn@tumblr.com", "username": "dissacof9kn", "password": "lX4$CpA7"},
  {"email": "jraybould9ko@tumblr.com", "username": "jraybould9ko", "password": "wT5$UtC8"},
  {"email": "jpena9kp@tumblr.com", "username": "jpena9kp", "password": "hC8*JnA9"},
  {"email": "cdaubeney9kq@tumblr.com", "username": "cdaubeney9kq", "password": "jE4*VpZ5"},
  {"email": "nbelvard9kr@tumblr.com", "username": "nbelvard9kr", "password": "tF8#CjK7"},
  {"email": "dsergent9ks@tumblr.com", "username": "dsergent9ks", "password": "zD6$YnS9"},
  {"email": "dbellefonte9kt@tumblr.com", "username": "dbellefonte9kt", "password": "vN7^HbZ6"},
  {"email": "ghousego9ku@tumblr.com", "username": "ghousego9ku", "password": "qB6$AmK7"},
  {"email": "hspaxman9kv@tumblr.com", "username": "hspaxman9kv", "password": "mL8$SdG5"},
  {"email": "ddilloway9kw@tumblr.com", "username": "ddilloway9kw", "password": "lW3$GpN9"},
  {"email": "mvossing9kx@tumblr.com", "username": "mvossing9kx", "password": "wZ6!XrV9"},
  {"email": "ncrabtree9ky@tumblr.com", "username": "ncrabtree9ky", "password": "jH5*ZvF1"},
  {"email": "lpedel9kz@tumblr.com", "username": "lpedel9kz", "password": "rK4*AtQ1"},
  {"email": "vcure9l@tumblr.com", "username": "vcure9l", "password": "sX9#FmK8"},
  {"email": "shumphries9la@tumblr.com", "username": "shumphries9la", "password": "wL7%KgT2"},
  {"email": "cdignon9lb@tumblr.com", "username": "cdignon9lb", "password": "jR8&ZmH4"},
  {"email": "ghalpin9lc@tumblr.com", "username": "ghalpin9lc", "password": "aF9%GdS7"},
  {"email": "bpegrum9ld@tumblr.com", "username": "bpegrum9ld", "password": "aR7$GdJ4"},
  {"email": "hmorcom9le@tumblr.com", "username": "hmorcom9le", "password": "bJ5^WdP6"},
  {"email": "nbrooke9lf@tumblr.com", "username": "nbrooke9lf", "password": "sV4&AdT1"},
  {"email": "vterry9lg@tumblr.com", "username": "vterry9lg", "password": "gM2^WsF6"},
  {"email": "bseeler9lh@tumblr.com", "username": "bseeler9lh", "password": "wQ5^JhR7"},
  {"email": "jmcmychem9li@tumblr.com", "username": "jmcmychem9li", "password": "nE4*FmR9"},
  {"email": "esimononski9lj@tumblr.com", "username": "esimononski9lj", "password": "eS6*WqG1"},
  {"email": "aarnatt9lk@tumblr.com", "username": "aarnatt9lk", "password": "gR7^DtN5"},
  {"email": "cberendsen9ll@tumblr.com", "username": "cberendsen9ll", "password": "zB9*QtA8"},
  {"email": "lgotliffe9lm@tumblr.com", "username": "lgotliffe9lm", "password": "zH5$CnT8"},
  {"email": "jdekeyser9ln@tumblr.com", "username": "jdekeyser9ln", "password": "xG6!LpR5"},
  {"email": "jchinnick9lo@tumblr.com", "username": "jchinnick9lo", "password": "qL4^HkT2"},
  {"email": "hbrusle9lp@tumblr.com", "username": "hbrusle9lp", "password": "jL6^ZsA9"},
  {"email": "vkaspar9lq@tumblr.com", "username": "vkaspar9lq", "password": "zT7!RhK2"},
  {"email": "ntrotman9lr@tumblr.com", "username": "ntrotman9lr", "password": "xW5^XcK7"},
  {"email": "bmcard9ls@tumblr.com", "username": "bmcard9ls", "password": "jC3^LpR8"},
  {"email": "dmcart9lt@tumblr.com", "username": "dmcart9lt", "password": "oP4!TsR5"},
  {"email": "rrichemont9lu@tumblr.com", "username": "rrichemont9lu", "password": "mK1!XqN9"},
  {"email": "tvear9lv@tumblr.com", "username": "tvear9lv", "password": "nX4^YwB3"},
  {"email": "jsowman9lw@tumblr.com", "username": "jsowman9lw", "password": "sZ7^FkT6"},
  {"email": "mveschi9lx@tumblr.com", "username": "mveschi9lx", "password": "sN5^HvC4"},
  {"email": "bclissell9ly@tumblr.com", "username": "bclissell9ly", "password": "vL1$HqG5"},
  {"email": "mraffon9lz@tumblr.com", "username": "mraffon9lz", "password": "eK1$WgM5"},
  {"email": "ejanata9m@tumblr.com", "username": "ejanata9m", "password": "vP5$RmW9"},
  {"email": "tkick9ma@tumblr.com", "username": "tkick9ma", "password": "sN6&XhR9"},
  {"email": "lroscamp9mb@tumblr.com", "username": "lroscamp9mb", "password": "iY2!LtG4"},
  {"email": "ssimonard9mc@tumblr.com", "username": "ssimonard9mc", "password": "zH5^FbW2"},
  {"email": "rrosenblad9md@tumblr.com", "username": "rrosenblad9md", "password": "jP1*ZmH6"},
  {"email": "tgarrard9me@tumblr.com", "username": "tgarrard9me", "password": "hY5&EkZ8"},
  {"email": "cshevels9mf@tumblr.com", "username": "cshevels9mf", "password": "pT1!HjR5"},
  {"email": "bweatherup9mg@tumblr.com", "username": "bweatherup9mg", "password": "aE7#KmZ2"},
  {"email": "mshervington9mh@tumblr.com", "username": "mshervington9mh", "password": "jT6#RpN8"},
  {"email": "follie9mi@tumblr.com", "username": "follie9mi", "password": "xH2%LnR8"},
  {"email": "ddocharty9mj@tumblr.com", "username": "ddocharty9mj", "password": "mL9#TqD8"},
  {"email": "jbeldum9mk@tumblr.com", "username": "jbeldum9mk", "password": "mX8!CnG7"},
  {"email": "mmartschik9ml@tumblr.com", "username": "mmartschik9ml", "password": "nR6#JqG4"},
  {"email": "cmabbitt9mm@tumblr.com", "username": "cmabbitt9mm", "password": "pB2%RmZ1"},
  {"email": "dgregan9mn@tumblr.com", "username": "dgregan9mn", "password": "yH6!DvG5"},
  {"email": "kfabler9mo@tumblr.com", "username": "kfabler9mo", "password": "nA9$VmR6"},
  {"email": "gknapman9mp@tumblr.com", "username": "gknapman9mp", "password": "wC8$YqR7"},
  {"email": "lroder9mq@tumblr.com", "username": "lroder9mq", "password": "kN9$HxS3"},
  {"email": "sgenerous9mr@tumblr.com", "username": "sgenerous9mr", "password": "kL4&HjD1"},
  {"email": "rdanne9ms@tumblr.com", "username": "rdanne9ms", "password": "zP9&YvB6"},
  {"email": "csmalecombe9mt@tumblr.com", "username": "csmalecombe9mt", "password": "kF4*VmZ1"},
  {"email": "iortelt9mu@tumblr.com", "username": "iortelt9mu", "password": "yT5$RqK4"},
  {"email": "sminchenton9mv@tumblr.com", "username": "sminchenton9mv", "password": "wR7$ZpK3"},
  {"email": "hcrimp9mw@tumblr.com", "username": "hcrimp9mw", "password": "iZ3$QvP2"},
  {"email": "rblacke9mx@tumblr.com", "username": "rblacke9mx", "password": "gX9%VfT1"},
  {"email": "oeliaz9my@tumblr.com", "username": "oeliaz9my", "password": "hL3%GdK6"},
  {"email": "egrogan9mz@tumblr.com", "username": "egrogan9mz", "password": "vS9%NqH6"},
  {"email": "dbelhome9n@tumblr.com", "username": "dbelhome9n", "password": "xS7%VmZ9"},
  {"email": "bgraalmans9na@tumblr.com", "username": "bgraalmans9na", "password": "yT2#ApZ7"},
  {"email": "kmulhall9nb@tumblr.com", "username": "kmulhall9nb", "password": "vB6$JpH7"},
  {"email": "dturpin9nc@tumblr.com", "username": "dturpin9nc", "password": "hV2*ZlQ8"},
  {"email": "nhaywood9nd@tumblr.com", "username": "nhaywood9nd", "password": "tW3^JmP9"},
  {"email": "rwellum9ne@tumblr.com", "username": "rwellum9ne", "password": "oX7*ArD4"},
  {"email": "msnoding9nf@tumblr.com", "username": "msnoding9nf", "password": "kM2%RvG6"},
  {"email": "lwetherill9ng@tumblr.com", "username": "lwetherill9ng", "password": "eC5$SjP4"},
  {"email": "lgoodin9nh@tumblr.com", "username": "lgoodin9nh", "password": "gM2#VxR6"},
  {"email": "jknock9ni@tumblr.com", "username": "jknock9ni", "password": "eW9*OnA7"},
  {"email": "kbutfield9nj@tumblr.com", "username": "kbutfield9nj", "password": "qP3&KbN8"},
  {"email": "rthurstan9nk@tumblr.com", "username": "rthurstan9nk", "password": "iL1!VkS3"},
  {"email": "gmalthus9nl@tumblr.com", "username": "gmalthus9nl", "password": "vT9*JbM2"},
  {"email": "dgrishankin9nm@tumblr.com", "username": "dgrishankin9nm", "password": "rL2$PxH9"},
  {"email": "kgreenhalf9nn@tumblr.com", "username": "kgreenhalf9nn", "password": "oZ3$TcR6"},
  {"email": "bmacmenamy9no@tumblr.com", "username": "bmacmenamy9no", "password": "jY4!RqL8"},
  {"email": "atennock9np@tumblr.com", "username": "atennock9np", "password": "sK5#HgV6"},
  {"email": "srandal9nq@tumblr.com", "username": "srandal9nq", "password": "hX8#FmN6"},
  {"email": "lkidder9nr@tumblr.com", "username": "lkidder9nr", "password": "rB9!SpQ1"},
  {"email": "llayton9ns@tumblr.com", "username": "llayton9ns", "password": "qR4#XtP9"},
  {"email": "ccann9nt@tumblr.com", "username": "ccann9nt", "password": "pZ1^MjS8"},
  {"email": "rbarritt9nu@tumblr.com", "username": "rbarritt9nu", "password": "mP6^RjV4"},
  {"email": "lkench9nv@tumblr.com", "username": "lkench9nv", "password": "mC8&QtD7"},
  {"email": "lrestorick9nw@tumblr.com", "username": "lrestorick9nw", "password": "bZ2*JwP9"},
  {"email": "mrouchy9nx@tumblr.com", "username": "mrouchy9nx", "password": "hZ5!VwA8"},
  {"email": "jrisborough9ny@tumblr.com", "username": "jrisborough9ny", "password": "yT2$RcN9"},
  {"email": "cweyman9nz@tumblr.com", "username": "cweyman9nz", "password": "yG7*RsP9"},
  {"email": "sdeback9o@tumblr.com", "username": "sdeback9o", "password": "wZ9*QpR7"},
  {"email": "mmcmurraya9oa@tumblr.com", "username": "mmcmurraya9oa", "password": "oV7!KbR6"},
  {"email": "fcothey9ob@tumblr.com", "username": "fcothey9ob", "password": "oY3&XtR8"},
  {"email": "ahowden9oc@tumblr.com", "username": "ahowden9oc", "password": "vB1#FgS8"},
  {"email": "rblondel9od@tumblr.com", "username": "rblondel9od", "password": "hA8#JwR9"},
  {"email": "dburrill9oe@tumblr.com", "username": "dburrill9oe", "password": "vZ4&HwL5"},
  {"email": "lwestrope9of@tumblr.com", "username": "lwestrope9of", "password": "wX6^YjM3"},
  {"email": "ebrunsden9og@tumblr.com", "username": "ebrunsden9og", "password": "sV6!NlG7"},
  {"email": "bcristoforo9oh@tumblr.com", "username": "bcristoforo9oh", "password": "lR5!JkP8"},
  {"email": "rmuncer9oi@tumblr.com", "username": "rmuncer9oi", "password": "nT9!WdR1"},
  {"email": "tmorillas9oj@tumblr.com", "username": "tmorillas9oj", "password": "aJ7$RnH6"},
  {"email": "bbrownjohn9ok@tumblr.com", "username": "bbrownjohn9ok", "password": "dZ8#TmB9"},
  {"email": "rcullingworth9ol@tumblr.com", "username": "rcullingworth9ol", "password": "pS6&AnR5"},
  {"email": "mryland9om@tumblr.com", "username": "mryland9om", "password": "oJ9^CwB3"},
  {"email": "lbernardin9on@tumblr.com", "username": "lbernardin9on", "password": "nT2^KdJ6"},
  {"email": "rebez9oo@tumblr.com", "username": "rebez9oo", "password": "oX8*WjN5"},
  {"email": "mtrayte9op@tumblr.com", "username": "mtrayte9op", "password": "vZ7&RsG2"},
  {"email": "tprat9oq@tumblr.com", "username": "tprat9oq", "password": "kV4*FgB9"},
  {"email": "cdowell9or@tumblr.com", "username": "cdowell9or", "password": "qT5$AmJ2"},
  {"email": "bmacanulty9os@tumblr.com", "username": "bmacanulty9os", "password": "hW7$PkG5"},
  {"email": "mbedminster9ot@tumblr.com", "username": "mbedminster9ot", "password": "kH4$BtM6"},
  {"email": "kdelafield9ou@tumblr.com", "username": "kdelafield9ou", "password": "mL8#DxG4"},
  {"email": "bgiles9ov@tumblr.com", "username": "bgiles9ov", "password": "pX3$DtC2"},
  {"email": "bpergens9ow@tumblr.com", "username": "bpergens9ow", "password": "kA1&VnC3"},
  {"email": "lcallendar9ox@tumblr.com", "username": "lcallendar9ox", "password": "tX8$ZcJ6"},
  {"email": "jgoldbourn9oy@tumblr.com", "username": "jgoldbourn9oy", "password": "gP3&LhT9"},
  {"email": "gsaint9oz@tumblr.com", "username": "gsaint9oz", "password": "nH1!MwA9"},
  {"email": "nfeaton9p@tumblr.com", "username": "nfeaton9p", "password": "nW8%QdC2"},
  {"email": "rsemrad9pa@tumblr.com", "username": "rsemrad9pa", "password": "lA1*VjD3"},
  {"email": "mslimm9pb@tumblr.com", "username": "mslimm9pb", "password": "xV1&ZpS4"},
  {"email": "jvatcher9pc@tumblr.com", "username": "jvatcher9pc", "password": "kZ3*FnS2"},
  {"email": "efoggo9pd@tumblr.com", "username": "efoggo9pd", "password": "tM7&SkN6"},
  {"email": "kdedon9pe@tumblr.com", "username": "kdedon9pe", "password": "rE3*HlR6"},
  {"email": "ssibbson9pf@tumblr.com", "username": "ssibbson9pf", "password": "pK9*VqA8"},
  {"email": "jalston9pg@tumblr.com", "username": "jalston9pg", "password": "zS8*JwN6"},
  {"email": "rhibbitt9ph@tumblr.com", "username": "rhibbitt9ph", "password": "eA6#TkS8"},
  {"email": "dboriston9pi@tumblr.com", "username": "dboriston9pi", "password": "vP5*ZsR1"},
  {"email": "nwillmot9pj@tumblr.com", "username": "nwillmot9pj", "password": "mB9^DkQ7"},
  {"email": "gsambedge9pk@tumblr.com", "username": "gsambedge9pk", "password": "fN8*VrP5"},
  {"email": "talltimes9pl@tumblr.com", "username": "talltimes9pl", "password": "mC5^KgR3"},
  {"email": "nsmoughton9pm@tumblr.com", "username": "nsmoughton9pm", "password": "kL7*QfC9"},
  {"email": "ocrevy9pn@tumblr.com", "username": "ocrevy9pn", "password": "kN9#YrP8"},
  {"email": "rbonhome9po@tumblr.com", "username": "rbonhome9po", "password": "eT3#YqH8"},
  {"email": "zmabey9pp@tumblr.com", "username": "zmabey9pp", "password": "zJ7#LdQ5"},
  {"email": "lburk9pq@tumblr.com", "username": "lburk9pq", "password": "kP3#LtN7"},
  {"email": "wcoltart9pr@tumblr.com", "username": "wcoltart9pr", "password": "eW2#VmN1"},
  {"email": "aarchambault9ps@tumblr.com", "username": "aarchambault9ps", "password": "rG9*WzP8"},
  {"email": "emaccrea9pt@tumblr.com", "username": "emaccrea9pt", "password": "hS7&JwL8"},
  {"email": "dshilstone9pu@tumblr.com", "username": "dshilstone9pu", "password": "hR2*SpL5"},
  {"email": "sgerrelts9pv@tumblr.com", "username": "sgerrelts9pv", "password": "eN5*VgA9"},
  {"email": "ajustice9pw@tumblr.com", "username": "ajustice9pw", "password": "rL3^CnT6"},
  {"email": "cchalfain9px@tumblr.com", "username": "cchalfain9px", "password": "lB5!NjG9"},
  {"email": "jcapelin9py@tumblr.com", "username": "jcapelin9py", "password": "lP9#XsK3"},
  {"email": "cwoodfield9pz@tumblr.com", "username": "cwoodfield9pz", "password": "yT1%SpA5"},
  {"email": "cbatter9q@tumblr.com", "username": "cbatter9q", "password": "hZ6$CrL4"},
  {"email": "gmcgrill9qa@tumblr.com", "username": "gmcgrill9qa", "password": "gQ1#LwB9"},
  {"email": "alarkins9qb@tumblr.com", "username": "alarkins9qb", "password": "wT3&LbN5"},
  {"email": "bcohron9qc@tumblr.com", "username": "bcohron9qc", "password": "hF4!PtA7"},
  {"email": "hfrancesco9qd@tumblr.com", "username": "hfrancesco9qd", "password": "rY8*HpZ6"},
  {"email": "braynham9qe@tumblr.com", "username": "braynham9qe", "password": "tB6#SvF7"},
  {"email": "nlehrle9qf@tumblr.com", "username": "nlehrle9qf", "password": "yH9!RxT8"},
  {"email": "ghazeup9qg@tumblr.com", "username": "ghazeup9qg", "password": "sG2#HwT5"},
  {"email": "nkerrey9qh@tumblr.com", "username": "nkerrey9qh", "password": "pX4!NrJ9"},
  {"email": "dbaudino9qi@tumblr.com", "username": "dbaudino9qi", "password": "lM1#VgN7"},
  {"email": "zblomefield9qj@tumblr.com", "username": "zblomefield9qj", "password": "rZ9$FnJ7"},
  {"email": "kbutterly9qk@tumblr.com", "username": "kbutterly9qk", "password": "tQ6^HgA4"},
  {"email": "dcornhill9ql@tumblr.com", "username": "dcornhill9ql", "password": "vT3*QhM2"},
  {"email": "fcallway9qm@tumblr.com", "username": "fcallway9qm", "password": "jT6^ApH9"},
  {"email": "rniblett9qn@tumblr.com", "username": "rniblett9qn", "password": "xN7*ZcK9"},
  {"email": "ccasolla9qo@tumblr.com", "username": "ccasolla9qo", "password": "oH8*VbJ6"},
  {"email": "rklulicek9qp@tumblr.com", "username": "rklulicek9qp", "password": "kP5&SmT9"},
  {"email": "sgatlin9qq@tumblr.com", "username": "sgatlin9qq", "password": "bV7*PtS3"},
  {"email": "igilbert9qr@tumblr.com", "username": "igilbert9qr", "password": "sE4&ZcR1"},
  {"email": "ibohlens9qs@tumblr.com", "username": "ibohlens9qs", "password": "pT2$DkN8"},
  {"email": "ibarneville9qt@tumblr.com", "username": "ibarneville9qt", "password": "nV6$VlH4"},
  {"email": "lsheaber9qu@tumblr.com", "username": "lsheaber9qu", "password": "zA8$HvB7"},
  {"email": "bpopplewell9qv@tumblr.com", "username": "bpopplewell9qv", "password": "xS6$XcJ3"},
  {"email": "gchevin9qw@tumblr.com", "username": "gchevin9qw", "password": "iA5*ZpQ6"},
  {"email": "golsson9qx@tumblr.com", "username": "golsson9qx", "password": "yP6&HvL9"},
  {"email": "nfolger9qy@tumblr.com", "username": "nfolger9qy", "password": "aL5$RwB1"},
  {"email": "kszachniewicz9qz@tumblr.com", "username": "kszachniewicz9qz", "password": "xN9#JtG5"},
  {"email": "fpaschke9r@tumblr.com", "username": "fpaschke9r", "password": "jT4^HcB6"},
  {"email": "ablagden9ra@tumblr.com", "username": "ablagden9ra", "password": "mD5$PtL8"},
  {"email": "jsteinhammer9rb@tumblr.com", "username": "jsteinhammer9rb", "password": "xS2$KjM9"},
  {"email": "eharfoot9rc@tumblr.com", "username": "eharfoot9rc", "password": "nE5#DjN3"},
  {"email": "tdevereux9rd@tumblr.com", "username": "tdevereux9rd", "password": "wG2#VxS9"},
  {"email": "rpioli9re@tumblr.com", "username": "rpioli9re", "password": "oP4$TjM1"},
  {"email": "tmackieson9rf@tumblr.com", "username": "tmackieson9rf", "password": "aH7#KnN9"},
  {"email": "dvearncombe9rg@tumblr.com", "username": "dvearncombe9rg", "password": "hW8#YbP6"},
  {"email": "nhallums9rh@tumblr.com", "username": "nhallums9rh", "password": "wD3$RkC2"},
  {"email": "hcahey9ri@tumblr.com", "username": "hcahey9ri", "password": "aR2!KlF3"},
  {"email": "esulland9rj@tumblr.com", "username": "esulland9rj", "password": "nC5$VhJ6"},
  {"email": "hhayto9rk@tumblr.com", "username": "hhayto9rk", "password": "bQ7^FwH2"},
  {"email": "cgatley9rl@tumblr.com", "username": "cgatley9rl", "password": "iB5%YtK7"},
  {"email": "kbrenstuhl9rm@tumblr.com", "username": "kbrenstuhl9rm", "password": "zX4$CnL6"},
  {"email": "agillebrond9rn@tumblr.com", "username": "agillebrond9rn", "password": "eX7!QmP9"},
  {"email": "ncapelle9ro@tumblr.com", "username": "ncapelle9ro", "password": "qZ5!BcG6"},
  {"email": "vsabatini9rp@tumblr.com", "username": "vsabatini9rp", "password": "qH2$TgS8"},
  {"email": "tmcgaraghan9rq@tumblr.com", "username": "tmcgaraghan9rq", "password": "kD9&YwF6"},
  {"email": "alepine9rr@tumblr.com", "username": "alepine9rr", "password": "mL5%JtG9"},
  {"email": "jbromwich9rs@tumblr.com", "username": "jbromwich9rs", "password": "eB4&YpS7"},
  {"email": "swansborough9rt@tumblr.com", "username": "swansborough9rt", "password": "wH1^DgS2"},
  {"email": "cmacneil9ru@tumblr.com", "username": "cmacneil9ru", "password": "zB5^TkF1"},
  {"email": "zcollis9rv@tumblr.com", "username": "zcollis9rv", "password": "aY6^RlF2"},
  {"email": "cmcalpine9rw@tumblr.com", "username": "cmcalpine9rw", "password": "lK6%WnG5"},
  {"email": "rburrage9rx@tumblr.com", "username": "rburrage9rx", "password": "sA9^FvK5"},
  {"email": "apentelow9ry@tumblr.com", "username": "apentelow9ry", "password": "mH6%PtB9"},
  {"email": "lcraighill9rz@tumblr.com", "username": "lcraighill9rz", "password": "iC5^HgM1"},
  {"email": "nrotter9s@tumblr.com", "username": "nrotter9s", "password": "jY7#XwL8"},
  {"email": "rmattisssen9sa@tumblr.com", "username": "rmattisssen9sa", "password": "lC7!KdS9"},
  {"email": "ffanthome9sb@tumblr.com", "username": "ffanthome9sb", "password": "nL6!NpA1"},
  {"email": "sburdge9sc@tumblr.com", "username": "sburdge9sc", "password": "bR4!LgJ7"},
  {"email": "pskittreal9sd@tumblr.com", "username": "pskittreal9sd", "password": "iR6#MvK3"},
  {"email": "jbompass9se@tumblr.com", "username": "jbompass9se", "password": "xS7%WvM9"},
  {"email": "kcolbridge9sf@tumblr.com", "username": "kcolbridge9sf", "password": "vM5%ZsL1"},
  {"email": "hnanuccioi9sg@tumblr.com", "username": "hnanuccioi9sg", "password": "pS7#CrE5"},
  {"email": "sspringthorpe9sh@tumblr.com", "username": "sspringthorpe9sh", "password": "mZ9$HwB6"},
  {"email": "jovendon9si@tumblr.com", "username": "jovendon9si", "password": "zE9&HrD8"},
  {"email": "fseville9sj@tumblr.com", "username": "fseville9sj", "password": "hT5&ZpG1"},
  {"email": "pnel9sk@tumblr.com", "username": "pnel9sk", "password": "aK6$PtH5"},
  {"email": "abraysher9sl@tumblr.com", "username": "abraysher9sl", "password": "zW6$DtH5"},
  {"email": "hcammack9sm@tumblr.com", "username": "hcammack9sm", "password": "hG4#RkS5"},
  {"email": "ecruden9sn@tumblr.com", "username": "ecruden9sn", "password": "gB9^LcQ2"},
  {"email": "jraleston9so@tumblr.com", "username": "jraleston9so", "password": "kF5$SmQ7"},
  {"email": "bduckett9sp@tumblr.com", "username": "bduckett9sp", "password": "wV2$FgJ6"},
  {"email": "fphelip9sq@tumblr.com", "username": "fphelip9sq", "password": "mP3$LnB5"},
  {"email": "ddavidowich9sr@tumblr.com", "username": "ddavidowich9sr", "password": "fL6#MvG2"},
  {"email": "aivain9ss@tumblr.com", "username": "aivain9ss", "password": "dY2*WtG3"},
  {"email": "cswanborrow9st@tumblr.com", "username": "cswanborrow9st", "password": "pS7#RbM4"},
  {"email": "rweiser9su@tumblr.com", "username": "rweiser9su", "password": "wB1$ZkA5"},
  {"email": "hbowstead9sv@tumblr.com", "username": "hbowstead9sv", "password": "pG3^FhM9"},
  {"email": "hlethby9sw@tumblr.com", "username": "hlethby9sw", "password": "dJ6$XsL3"},
  {"email": "pdollard9sx@tumblr.com", "username": "pdollard9sx", "password": "hX2&KgV5"},
  {"email": "cbayston9sy@tumblr.com", "username": "cbayston9sy", "password": "jD5!LrE1"},
  {"email": "smcdonnell9sz@tumblr.com", "username": "smcdonnell9sz", "password": "sF4$CvE7"},
  {"email": "lknapp9t@tumblr.com", "username": "lknapp9t", "password": "kG6#BvR9"},
  {"email": "jbenech9ta@tumblr.com", "username": "jbenech9ta", "password": "bF3!GdA6"},
  {"email": "syeard9tb@tumblr.com", "username": "syeard9tb", "password": "dE1!RwG2"},
  {"email": "pmassard9tc@tumblr.com", "username": "pmassard9tc", "password": "hK6#GwN8"},
  {"email": "jbloomer9td@tumblr.com", "username": "jbloomer9td", "password": "oY9%WmC4"},
  {"email": "dgrindle9te@tumblr.com", "username": "dgrindle9te", "password": "iL3&FvB2"},
  {"email": "sbarringer9tf@tumblr.com", "username": "sbarringer9tf", "password": "rJ7^GkC6"},
  {"email": "areveland9tg@tumblr.com", "username": "areveland9tg", "password": "iL3#QvN9"},
  {"email": "jhurley9th@tumblr.com", "username": "jhurley9th", "password": "pT8$RxJ4"},
  {"email": "abowdery9ti@tumblr.com", "username": "abowdery9ti", "password": "zQ9&RsH8"},
  {"email": "tburrill9tj@tumblr.com", "username": "tburrill9tj", "password": "mR5#XkQ2"},
  {"email": "fhulatt9tk@tumblr.com", "username": "fhulatt9tk", "password": "hC6$FmS7"},
  {"email": "kmacilriach9tl@tumblr.com", "username": "kmacilriach9tl", "password": "hR8$NmF9"},
  {"email": "ltschirschky9tm@tumblr.com", "username": "ltschirschky9tm", "password": "eH2!YpT7"},
  {"email": "rhugonneau9tn@tumblr.com", "username": "rhugonneau9tn", "password": "qT3%ZjG6"},
  {"email": "ooverill9to@tumblr.com", "username": "ooverill9to", "password": "rL9#KtD5"},
  {"email": "clowles9tp@tumblr.com", "username": "clowles9tp", "password": "eZ7%RwH2"},
  {"email": "mdudman9tq@tumblr.com", "username": "mdudman9tq", "password": "gZ7!WdM9"},
  {"email": "creyburn9tr@tumblr.com", "username": "creyburn9tr", "password": "iF4$SvK3"},
  {"email": "ibank9ts@tumblr.com", "username": "ibank9ts", "password": "yB8#GwJ2"},
  {"email": "eburless9tt@tumblr.com", "username": "eburless9tt", "password": "iX7&VjL2"},
  {"email": "jroffe9tu@tumblr.com", "username": "jroffe9tu", "password": "rF3$KtH5"},
  {"email": "ctofanini9tv@tumblr.com", "username": "ctofanini9tv", "password": "lW9^TgA4"},
  {"email": "bbuttress9tw@tumblr.com", "username": "bbuttress9tw", "password": "vT6$PkE5"},
  {"email": "dhoofe9tx@tumblr.com", "username": "dhoofe9tx", "password": "rG9$FkV4"},
  {"email": "bchadburn9ty@tumblr.com", "username": "bchadburn9ty", "password": "lC5#YqA6"},
  {"email": "jmacdermid9tz@tumblr.com", "username": "jmacdermid9tz", "password": "sM2#PtL8"},
  {"email": "acremen9u@tumblr.com", "username": "acremen9u", "password": "bW6!SmQ8"},
  {"email": "srodden9ua@tumblr.com", "username": "srodden9ua", "password": "lQ3$HjA7"},
  {"email": "adearle9ub@tumblr.com", "username": "adearle9ub", "password": "zA9^TmG4"},
  {"email": "mmityashev9uc@tumblr.com", "username": "mmityashev9uc", "password": "kL7^EjZ8"},
  {"email": "lhaggerty9ud@tumblr.com", "username": "lhaggerty9ud", "password": "zV1*GsK2"},
  {"email": "lmccaughran9ue@tumblr.com", "username": "lmccaughran9ue", "password": "tH4^RlN7"},
  {"email": "jkidson9uf@tumblr.com", "username": "jkidson9uf", "password": "eL5&RsA9"},
  {"email": "bdanby9ug@tumblr.com", "username": "bdanby9ug", "password": "qZ3$RgA1"},
  {"email": "rstihle9uh@tumblr.com", "username": "rstihle9uh", "password": "tG6*ZdC2"},
  {"email": "gcowup9ui@tumblr.com", "username": "gcowup9ui", "password": "eM7!RbL1"},
  {"email": "fpenddreth9uj@tumblr.com", "username": "fpenddreth9uj", "password": "yC2^VmR7"},
  {"email": "gpeeters9uk@tumblr.com", "username": "gpeeters9uk", "password": "rL4&JvK5"},
  {"email": "ldayment9ul@tumblr.com", "username": "ldayment9ul", "password": "yW1*QtN3"},
  {"email": "efrazer9um@tumblr.com", "username": "efrazer9um", "password": "gK4!HjT2"},
  {"email": "rjiri9un@tumblr.com", "username": "rjiri9un", "password": "qE7#SmF4"},
  {"email": "mclaypole9uo@tumblr.com", "username": "mclaypole9uo", "password": "qR6%ZdJ8"},
  {"email": "bmacveigh9up@tumblr.com", "username": "bmacveigh9up", "password": "yL5&HbR1"},
  {"email": "lfurmston9uq@tumblr.com", "username": "lfurmston9uq", "password": "rP2&NvL5"},
  {"email": "ggiorgi9ur@tumblr.com", "username": "ggiorgi9ur", "password": "gZ7&HlB5"},
  {"email": "jleatt9us@tumblr.com", "username": "jleatt9us", "password": "mV1^YbN6"},
  {"email": "achampkins9ut@tumblr.com", "username": "achampkins9ut", "password": "eJ6^TkL8"},
  {"email": "jroch9uu@tumblr.com", "username": "jroch9uu", "password": "eV5*JnL7"},
  {"email": "ilongmuir9uv@tumblr.com", "username": "ilongmuir9uv", "password": "wD8!TkL1"},
  {"email": "dpybworth9uw@tumblr.com", "username": "dpybworth9uw", "password": "lN6#VkC5"},
  {"email": "jscotcher9ux@tumblr.com", "username": "jscotcher9ux", "password": "kA5&JvW1"},
  {"email": "rlean9uy@tumblr.com", "username": "rlean9uy", "password": "jL8$PtR1"},
  {"email": "bnarracot9uz@tumblr.com", "username": "bnarracot9uz", "password": "iJ8&HvL6"},
  {"email": "gdrinnan9v@tumblr.com", "username": "gdrinnan9v", "password": "eQ7!ZsM5"},
  {"email": "lcohani9va@tumblr.com", "username": "lcohani9va", "password": "gD3#JlW9"},
  {"email": "sfisbburne9vb@tumblr.com", "username": "sfisbburne9vb", "password": "iG6^WnS2"},
  {"email": "lstutt9vc@tumblr.com", "username": "lstutt9vc", "password": "mZ2^LnE6"},
  {"email": "gprobbin9vd@tumblr.com", "username": "gprobbin9vd", "password": "jB4&PtE9"},
  {"email": "bmoakler9ve@tumblr.com", "username": "bmoakler9ve", "password": "qB5#SgR7"},
  {"email": "hberta9vf@tumblr.com", "username": "hberta9vf", "password": "yL2$RvH6"},
  {"email": "ocurt9vg@tumblr.com", "username": "ocurt9vg", "password": "zH1#TbF4"},
  {"email": "ebuttress9vh@tumblr.com", "username": "ebuttress9vh", "password": "tA9$ZpS5"},
  {"email": "btitmus9vi@tumblr.com", "username": "btitmus9vi", "password": "qT3%PjN1"},
  {"email": "sgoldis9vj@tumblr.com", "username": "sgoldis9vj", "password": "iF4#RtM2"},
  {"email": "lkubis9vk@tumblr.com", "username": "lkubis9vk", "password": "jZ1*FvG8"},
  {"email": "gtomek9vl@tumblr.com", "username": "gtomek9vl", "password": "vK7$GhP2"},
  {"email": "amcaughtry9vm@tumblr.com", "username": "amcaughtry9vm", "password": "lE7!KwG3"},
  {"email": "brance9vn@tumblr.com", "username": "brance9vn", "password": "tS5*JcZ9"},
  {"email": "sgateman9vo@tumblr.com", "username": "sgateman9vo", "password": "aB8&HsW2"},
  {"email": "tcustance9vp@tumblr.com", "username": "tcustance9vp", "password": "iR6#JcB5"},
  {"email": "abaswall9vq@tumblr.com", "username": "abaswall9vq", "password": "iC3$DpG5"},
  {"email": "gmulberry9vr@tumblr.com", "username": "gmulberry9vr", "password": "zJ5#NmF6"},
  {"email": "jvogelein9vs@tumblr.com", "username": "jvogelein9vs", "password": "gW7!ChJ9"},
  {"email": "jsawle9vt@tumblr.com", "username": "jsawle9vt", "password": "jH3&KnB7"},
  {"email": "rcicchetto9vu@tumblr.com", "username": "rcicchetto9vu", "password": "wD9!VjH5"},
  {"email": "vdood9vv@tumblr.com", "username": "vdood9vv", "password": "hN2%RdA1"},
  {"email": "mbentall9vw@tumblr.com", "username": "mbentall9vw", "password": "iZ8&HwN9"},
  {"email": "efort9vx@tumblr.com", "username": "efort9vx", "password": "zC9*QgS2"},
  {"email": "gcammell9vy@tumblr.com", "username": "gcammell9vy", "password": "oF7%JlE2"},
  {"email": "blortzing9vz@tumblr.com", "username": "blortzing9vz", "password": "rY9$ZlS4"},
  {"email": "fgoodhugh9w@tumblr.com", "username": "fgoodhugh9w", "password": "lD8*VmB3"},
  {"email": "briccione9wa@tumblr.com", "username": "briccione9wa", "password": "yA3&HrJ9"},
  {"email": "lshervington9wb@tumblr.com", "username": "lshervington9wb", "password": "rH7#WpD3"},
  {"email": "briccelli9wc@tumblr.com", "username": "briccelli9wc", "password": "mY8%KbH6"},
  {"email": "kkelk9wd@tumblr.com", "username": "kkelk9wd", "password": "oW9#QhM7"},
  {"email": "gdrakeley9we@tumblr.com", "username": "gdrakeley9we", "password": "bR9$GpN2"},
  {"email": "mbarfoot9wf@tumblr.com", "username": "mbarfoot9wf", "password": "kF1#LbZ9"},
  {"email": "cbaroux9wg@tumblr.com", "username": "cbaroux9wg", "password": "hE9$RtG5"},
  {"email": "kkenway9wh@tumblr.com", "username": "kkenway9wh", "password": "iG8%KnM2"},
  {"email": "vallwright9wi@tumblr.com", "username": "vallwright9wi", "password": "vK7#NzJ8"},
  {"email": "kweildon9wj@tumblr.com", "username": "kweildon9wj", "password": "gH3^NsA7"},
  {"email": "rpetracchi9wk@tumblr.com", "username": "rpetracchi9wk", "password": "nV6#CjL8"},
  {"email": "mbruniges9wl@tumblr.com", "username": "mbruniges9wl", "password": "rZ7#LkE9"},
  {"email": "czimmer9wm@tumblr.com", "username": "czimmer9wm", "password": "zR9$HsN1"},
  {"email": "mclutterham9wn@tumblr.com", "username": "mclutterham9wn", "password": "hN6#VgS3"},
  {"email": "jreadwood9wo@tumblr.com", "username": "jreadwood9wo", "password": "nD4^TcM6"},
  {"email": "rstokle9wp@tumblr.com", "username": "rstokle9wp", "password": "sP1!RkT7"},
  {"email": "rlembke9wq@tumblr.com", "username": "rlembke9wq", "password": "jY7#ZcP9"},
  {"email": "hkeave9wr@tumblr.com", "username": "hkeave9wr", "password": "pJ6#LkN7"},
  {"email": "vskinley9ws@tumblr.com", "username": "vskinley9ws", "password": "kF5$TgA9"},
  {"email": "rbyrd9wt@tumblr.com", "username": "rbyrd9wt", "password": "pW7!DvK2"},
  {"email": "egethyn9wu@tumblr.com", "username": "egethyn9wu", "password": "hD7%RcE8"},
  {"email": "kbehn9wv@tumblr.com", "username": "kbehn9wv", "password": "jC1^NkG2"},
  {"email": "mcurtis9ww@tumblr.com", "username": "mcurtis9ww", "password": "yL3#TfN7"},
  {"email": "lhazell9wx@tumblr.com", "username": "lhazell9wx", "password": "wQ4!FdG9"},
  {"email": "tbenka9wy@tumblr.com", "username": "tbenka9wy", "password": "aW1$SdC9"},
  {"email": "dchellam9wz@tumblr.com", "username": "dchellam9wz", "password": "jZ8#HdK2"},
  {"email": "dheskins9x@tumblr.com", "username": "dheskins9x", "password": "oL1#EwB9"},
  {"email": "igilbee9xa@tumblr.com", "username": "igilbee9xa", "password": "lK2!QrN5"},
  {"email": "lfuzzey9xb@tumblr.com", "username": "lfuzzey9xb", "password": "tS5^QwC1"},
  {"email": "cpatis9xc@tumblr.com", "username": "cpatis9xc", "password": "kF3$VdZ8"},
  {"email": "fchalliner9xd@tumblr.com", "username": "fchalliner9xd", "password": "vQ4$XtD1"},
  {"email": "mtiddeman9xe@tumblr.com", "username": "mtiddeman9xe", "password": "bV3^HpK5"},
  {"email": "rgomez9xf@tumblr.com", "username": "rgomez9xf", "password": "dR8!KnB9"},
  {"email": "mloughrey9xg@tumblr.com", "username": "mloughrey9xg", "password": "zS4#FpM1"},
  {"email": "kgrindle9xh@tumblr.com", "username": "kgrindle9xh", "password": "zT2$YhM5"},
  {"email": "djirka9xi@tumblr.com", "username": "djirka9xi", "password": "oR2!FkL5"},
  {"email": "fgrollmann9xj@tumblr.com", "username": "fgrollmann9xj", "password": "pK6^QsD7"},
  {"email": "abryans9xk@tumblr.com", "username": "abryans9xk", "password": "nD5!HcP9"},
  {"email": "adelph9xl@tumblr.com", "username": "adelph9xl", "password": "bN1^KvJ5"},
  {"email": "tallabarton9xm@tumblr.com", "username": "tallabarton9xm", "password": "jW3*FkV9"},
  {"email": "pbroggetti9xn@tumblr.com", "username": "pbroggetti9xn", "password": "pL2^ZjD1"},
  {"email": "ameach9xo@tumblr.com", "username": "ameach9xo", "password": "dA5#BvS2"},
  {"email": "ccrankshaw9xp@tumblr.com", "username": "ccrankshaw9xp", "password": "yW7^LtA2"},
  {"email": "lfeatherstone9xq@tumblr.com", "username": "lfeatherstone9xq", "password": "mE8*JsV7"},
  {"email": "wgodsmark9xr@tumblr.com", "username": "wgodsmark9xr", "password": "kL6&GwN4"},
  {"email": "cmerredy9xs@tumblr.com", "username": "cmerredy9xs", "password": "qB9%JvC5"},
  {"email": "pbritt9xt@tumblr.com", "username": "pbritt9xt", "password": "zK4#HrN9"},
  {"email": "lgorhardt9xu@tumblr.com", "username": "lgorhardt9xu", "password": "iD6^WpN9"},
  {"email": "mluxmoore9xv@tumblr.com", "username": "mluxmoore9xv", "password": "tF3!MkG7"},
  {"email": "eomeara9xw@tumblr.com", "username": "eomeara9xw", "password": "kZ2$YpC6"},
  {"email": "csweeten9xx@tumblr.com", "username": "csweeten9xx", "password": "hG7!JbR9"},
  {"email": "mcayley9xy@tumblr.com", "username": "mcayley9xy", "password": "zB3^QmT7"},
  {"email": "gcadalleder9xz@tumblr.com", "username": "gcadalleder9xz", "password": "yC1&HbS4"},
  {"email": "epathurst9y@tumblr.com", "username": "epathurst9y", "password": "zW9*GkR4"},
  {"email": "cbainbridge9ya@tumblr.com", "username": "cbainbridge9ya", "password": "qR9^KgT6"},
  {"email": "nfransoni9yb@tumblr.com", "username": "nfransoni9yb", "password": "aE4$KbJ2"},
  {"email": "gdebling9yc@tumblr.com", "username": "gdebling9yc", "password": "yB5^JlS4"},
  {"email": "tsutherns9yd@tumblr.com", "username": "tsutherns9yd", "password": "yG3!ZdC2"},
  {"email": "fsprague9ye@tumblr.com", "username": "fsprague9ye", "password": "mE4#JvK9"},
  {"email": "jrains9yf@tumblr.com", "username": "jrains9yf", "password": "tB3*VtN7"},
  {"email": "lkitley9yg@tumblr.com", "username": "lkitley9yg", "password": "vH5*FwN8"},
  {"email": "mlathee9yh@tumblr.com", "username": "mlathee9yh", "password": "hK8#TjR4"},
  {"email": "jkonertz9yi@tumblr.com", "username": "jkonertz9yi", "password": "zR8&FsL4"},
  {"email": "aamiss9yj@tumblr.com", "username": "aamiss9yj", "password": "lG2^NjF1"},
  {"email": "lnewall9yk@tumblr.com", "username": "lnewall9yk", "password": "sK1!ZvJ4"},
  {"email": "lgurrado9yl@tumblr.com", "username": "lgurrado9yl", "password": "pQ7&GjR5"},
  {"email": "kcastellaccio9ym@tumblr.com", "username": "kcastellaccio9ym", "password": "wE6$QgR7"},
  {"email": "tbravey9yn@tumblr.com", "username": "tbravey9yn", "password": "qP2&FmG9"},
  {"email": "tmcginty9yo@tumblr.com", "username": "tmcginty9yo", "password": "eV4*WsC6"},
  {"email": "mstanlake9yp@tumblr.com", "username": "mstanlake9yp", "password": "oP2&VrD1"},
  {"email": "aprunier9yq@tumblr.com", "username": "aprunier9yq", "password": "pL2^FgM5"},
  {"email": "bparadis9yr@tumblr.com", "username": "bparadis9yr", "password": "tD9$RjN5"},
  {"email": "ayakubovich9ys@tumblr.com", "username": "ayakubovich9ys", "password": "lW2%ZgP3"},
  {"email": "bjacquemy9yt@tumblr.com", "username": "bjacquemy9yt", "password": "kX2%RjC1"},
  {"email": "klinford9yu@tumblr.com", "username": "klinford9yu", "password": "aD3#BhJ4"},
  {"email": "odaniellot9yv@tumblr.com", "username": "odaniellot9yv", "password": "gZ7%GhR2"},
  {"email": "gtagg9yw@tumblr.com", "username": "gtagg9yw", "password": "pA9^NsE2"},
  {"email": "bwillows9yx@tumblr.com", "username": "bwillows9yx", "password": "zG4*HbT5"},
  {"email": "lmarquis9yy@tumblr.com", "username": "lmarquis9yy", "password": "nM9#DcP3"},
  {"email": "rmanifold9yz@tumblr.com", "username": "rmanifold9yz", "password": "tV1&SmT4"},
  {"email": "nnewsham9z@tumblr.com", "username": "nnewsham9z", "password": "aT3#LrJ7"},
  {"email": "scrisall9za@tumblr.com", "username": "scrisall9za", "password": "rZ7$CsH4"},
  {"email": "dwilliamsen9zb@tumblr.com", "username": "dwilliamsen9zb", "password": "hE5#TjL8"},
  {"email": "jstickels9zc@tumblr.com", "username": "jstickels9zc", "password": "zK9^WmL7"},
  {"email": "drayner9zd@tumblr.com", "username": "drayner9zd", "password": "hB7^JvT9"},
  {"email": "pgolston9ze@tumblr.com", "username": "pgolston9ze", "password": "eX5*CrL6"},
  {"email": "tdenzey9zf@tumblr.com", "username": "tdenzey9zf", "password": "iY3^WtM1"},
  {"email": "mcopozio9zg@tumblr.com", "username": "mcopozio9zg", "password": "tP1%SkD2"},
  {"email": "jdoxsey9zh@tumblr.com", "username": "jdoxsey9zh", "password": "qT5*FrP7"},
  {"email": "mmacpeake9zi@tumblr.com", "username": "mmacpeake9zi", "password": "wT8$VjD5"},
  {"email": "rpascho9zj@tumblr.com", "username": "rpascho9zj", "password": "qH1$ZlJ4"},
  {"email": "bmcshirie9zk@tumblr.com", "username": "bmcshirie9zk", "password": "pC9$WlZ1"},
  {"email": "blonsdale9zl@tumblr.com", "username": "blonsdale9zl", "password": "rD2#ZgK6"},
  {"email": "ebayford9zm@tumblr.com", "username": "ebayford9zm", "password": "zN7$GsP8"},
  {"email": "cmcconnachie9zn@tumblr.com", "username": "cmcconnachie9zn", "password": "tG7%VjL4"},
  {"email": "hmcquade9zo@tumblr.com", "username": "hmcquade9zo", "password": "zD8%KnR7"},
  {"email": "kdamarell9zp@tumblr.com", "username": "kdamarell9zp", "password": "xR9&FsC5"},
  {"email": "crickett9zq@tumblr.com", "username": "crickett9zq", "password": "nT8!KjG7"},
  {"email": "amcilwraith9zr@tumblr.com", "username": "amcilwraith9zr", "password": "rY4$ZsC1"},
  {"email": "jbehn9zs@tumblr.com", "username": "jbehn9zs", "password": "kD7#LwJ6"},
  {"email": "ggounot9zt@tumblr.com", "username": "ggounot9zt", "password": "bA6#RwN9"},
  {"email": "pchapiro9zu@tumblr.com", "username": "pchapiro9zu", "password": "oB3%RwM9"},
  {"email": "ppiller9zv@tumblr.com", "username": "ppiller9zv", "password": "wZ4$GsE1"},
  {"email": "eabramov9zw@tumblr.com", "username": "eabramov9zw", "password": "hA2^KmG8"},
  {"email": "plackey9zx@tumblr.com", "username": "plackey9zx", "password": "jB4#LrG3"},
  {"email": "dhantusch9zy@tumblr.com", "username": "dhantusch9zy", "password": "gP5^TjM8"},
  {"email": "kgaythorpe9zz@tumblr.com", "username": "kgaythorpe9zz", "password": "mY8!LqT6"},
  {"email": "jredforda0@tumblr.com", "username": "jredforda0", "password": "eW1&NlR9"},
  {"email": "mheinshke9zza@tumblr.com", "username": "mheinshke9zza", "password": "pX7!NsR1"},
  {"email": "mguage9zzb@tumblr.com", "username": "mguage9zzb", "password": "nY5&SkP4"},
  {"email": "dgreatorexa0@tumblr.com", "username": "dgreatorexa0", "password": "oP4!BrT5"},
  {"email": "gdarriga0a@tumblr.com", "username": "gdarriga0a", "password": "lX6*HtJ7"},
  {"email": "pbrandesa0b@tumblr.com", "username": "pbrandesa0b", "password": "rM2#WbH8"},
  {"email": "ksabben9zzc@tumblr.com", "username": "ksabben9zzc", "password": "sP7!JwG5"},
  {"email": "kwraya0d@tumblr.com", "username": "kwraya0d", "password": "jH5*VpT8"},
  {"email": "kfortuna0e@tumblr.com", "username": "kfortuna0e", "password": "xY9#DrP6"},
  {"email": "ltaillant9zzd@tumblr.com", "username": "ltaillant9zzd", "password": "aQ6!ZpH4"},
  {"email": "dtrusler9zze@tumblr.com", "username": "dtrusler9zze", "password": "zL2!NrM7"},
  {"email": "kblanko9zzf@tumblr.com", "username": "kblanko9zzf", "password": "nT6*DrJ4"},
  {"email": "gbilbrough9zzg@tumblr.com", "username": "gbilbrough9zzg", "password": "qR3&WsZ7"},
  {"email": "callysop9zzh@tumblr.com", "username": "callysop9zzh", "password": "eB2#HwK6"},
  {"email": "cmacconaghy9zzi@tumblr.com", "username": "cmacconaghy9zzi", "password": "wN7^TpR2"},
  {"email": "ecolledge9zzj@tumblr.com", "username": "ecolledge9zzj", "password": "sE9#XkG2"},
  {"email": "hghelerd9zzk@tumblr.com", "username": "hghelerd9zzk", "password": "iR1#HkM7"},
  {"email": "bbratley9zzl@tumblr.com", "username": "bbratley9zzl", "password": "qK7*CsW9"},
  {"email": "nreaditt9zzm@tumblr.com", "username": "nreaditt9zzm", "password": "bP6!KsG8"},
  {"email": "mwolverson9zzn@tumblr.com", "username": "mwolverson9zzn", "password": "mT4#EwR7"},
  {"email": "rjuares9zzo@tumblr.com", "username": "rjuares9zzo", "password": "aF7!JpK6"},
  {"email": "ajelley9zzp@tumblr.com", "username": "ajelley9zzp", "password": "sY9*PrT4"},
  {"email": "jthunders9zzq@tumblr.com", "username": "jthunders9zzq", "password": "rW7&GhS4"},
  {"email": "jmidgley9zzr@tumblr.com", "username": "jmidgley9zzr", "password": "wE2^FjR5"},
  {"email": "bslesser9zzs@tumblr.com", "username": "bslesser9zzs", "password": "uQ9#TkZ7"},
  {"email": "mvernall9zzt@tumblr.com", "username": "mvernall9zzt", "password": "rP3#WkS5"},
  {"email": "dbrameld9zzu@tumblr.com", "username": "dbrameld9zzu", "password": "jM8!NaB7"},
  {"email": "jpenwright9zzv@tumblr.com", "username": "jpenwright9zzv", "password": "qS6&HpW3"},
  {"email": "hmoxsom9zzw@tumblr.com", "username": "hmoxsom9zzw", "password": "iV3*BuT7"},
  {"email": "hmerck9zzx@tumblr.com", "username": "hmerck9zzx", "password": "bR5!YtZ8"},
  {"email": "sbenedicto9zzy@tumblr.com", "username": "sbenedicto9zzy", "password": "tY4&PrE2"},
  {"email": "sshelbourne9zzz@tumblr.com", "username": "sshelbourne9zzz", "password": "gF2*VbR9"},
  {"email": "etolwortha00@tumblr.com", "username": "etolwortha00", "password": "zP8!KbT2"},
  {"email": "asmallacombea01@tumblr.com", "username": "asmallacombea01", "password": "cY5*ZvM7"},
  {"email": "mivainottera02@tumblr.com", "username": "mivainottera02", "password": "uX3#TkS5"},
  {"email": "jpetrakia03@tumblr.com", "username": "jpetrakia03", "password": "rM4!QwS6"},
  {"email": "rmaryettoa04@tumblr.com", "username": "rmaryettoa04", "password": "pT7!EsX9"},
  {"email": "adelagua05@tumblr.com", "username": "adelagua05", "password": "kY9!CsZ4"},
  {"email": "bhannaforda06@tumblr.com", "username": "bhannaforda06", "password": "eG6^PxN2"},
  {"email": "cgrigauta07@tumblr.com", "username": "cgrigauta07", "password": "iP2*HtR8"},
  {"email": "broddaerra08@tumblr.com", "username": "broddaerra08", "password": "sL5!GwP4"},
  {"email": "kwoodwortha09@tumblr.com", "username": "kwoodwortha09", "password": "wT6!NsR8"},
  {"email": "ggarricka0a@tumblr.com", "username": "ggarricka0a", "password": "hW3#EuS9"},
  {"email": "gharrymana0b@tumblr.com", "username": "gharrymana0b", "password": "zE8!RxT3"},
  {"email": "jgarbera0c@tumblr.com", "username": "jgarbera0c", "password": "rY5#VhE7"},
  {"email": "florencza0d@tumblr.com", "username": "florencza0d", "password": "cM6&ZtP8"},
  {"email": "pserrieresa0e@tumblr.com", "username": "pserrieresa0e", "password": "mY7*CuB3"},
  {"email": "civanusheva0f@tumblr.com", "username": "civanusheva0f", "password": "pX4^GnD9"}
]


